-- MySQL dump 10.13  Distrib 8.0.34, for Win64 (x86_64)
--
-- Host: 127.0.0.1    Database: medface
-- ------------------------------------------------------
-- Server version	8.0.34

/*!40101 SET @OLD_CHARACTER_SET_CLIENT=@@CHARACTER_SET_CLIENT */;
/*!40101 SET @OLD_CHARACTER_SET_RESULTS=@@CHARACTER_SET_RESULTS */;
/*!40101 SET @OLD_COLLATION_CONNECTION=@@COLLATION_CONNECTION */;
/*!50503 SET NAMES utf8 */;
/*!40103 SET @OLD_TIME_ZONE=@@TIME_ZONE */;
/*!40103 SET TIME_ZONE='+00:00' */;
/*!40014 SET @OLD_UNIQUE_CHECKS=@@UNIQUE_CHECKS, UNIQUE_CHECKS=0 */;
/*!40014 SET @OLD_FOREIGN_KEY_CHECKS=@@FOREIGN_KEY_CHECKS, FOREIGN_KEY_CHECKS=0 */;
/*!40101 SET @OLD_SQL_MODE=@@SQL_MODE, SQL_MODE='NO_AUTO_VALUE_ON_ZERO' */;
/*!40111 SET @OLD_SQL_NOTES=@@SQL_NOTES, SQL_NOTES=0 */;

--
-- Table structure for table `auth_group`
--

DROP TABLE IF EXISTS `auth_group`;
/*!40101 SET @saved_cs_client     = @@character_set_client */;
/*!50503 SET character_set_client = utf8mb4 */;
CREATE TABLE `auth_group` (
  `id` int NOT NULL AUTO_INCREMENT,
  `name` varchar(150) NOT NULL,
  PRIMARY KEY (`id`),
  UNIQUE KEY `name` (`name`)
) ENGINE=InnoDB DEFAULT CHARSET=utf8mb4 COLLATE=utf8mb4_0900_ai_ci;
/*!40101 SET character_set_client = @saved_cs_client */;

--
-- Dumping data for table `auth_group`
--

LOCK TABLES `auth_group` WRITE;
/*!40000 ALTER TABLE `auth_group` DISABLE KEYS */;
/*!40000 ALTER TABLE `auth_group` ENABLE KEYS */;
UNLOCK TABLES;

--
-- Table structure for table `auth_group_permissions`
--

DROP TABLE IF EXISTS `auth_group_permissions`;
/*!40101 SET @saved_cs_client     = @@character_set_client */;
/*!50503 SET character_set_client = utf8mb4 */;
CREATE TABLE `auth_group_permissions` (
  `id` bigint NOT NULL AUTO_INCREMENT,
  `group_id` int NOT NULL,
  `permission_id` int NOT NULL,
  PRIMARY KEY (`id`),
  UNIQUE KEY `auth_group_permissions_group_id_permission_id_0cd325b0_uniq` (`group_id`,`permission_id`),
  KEY `auth_group_permissio_permission_id_84c5c92e_fk_auth_perm` (`permission_id`),
  CONSTRAINT `auth_group_permissio_permission_id_84c5c92e_fk_auth_perm` FOREIGN KEY (`permission_id`) REFERENCES `auth_permission` (`id`),
  CONSTRAINT `auth_group_permissions_group_id_b120cbf9_fk_auth_group_id` FOREIGN KEY (`group_id`) REFERENCES `auth_group` (`id`)
) ENGINE=InnoDB DEFAULT CHARSET=utf8mb4 COLLATE=utf8mb4_0900_ai_ci;
/*!40101 SET character_set_client = @saved_cs_client */;

--
-- Dumping data for table `auth_group_permissions`
--

LOCK TABLES `auth_group_permissions` WRITE;
/*!40000 ALTER TABLE `auth_group_permissions` DISABLE KEYS */;
/*!40000 ALTER TABLE `auth_group_permissions` ENABLE KEYS */;
UNLOCK TABLES;

--
-- Table structure for table `auth_permission`
--

DROP TABLE IF EXISTS `auth_permission`;
/*!40101 SET @saved_cs_client     = @@character_set_client */;
/*!50503 SET character_set_client = utf8mb4 */;
CREATE TABLE `auth_permission` (
  `id` int NOT NULL AUTO_INCREMENT,
  `name` varchar(255) NOT NULL,
  `content_type_id` int NOT NULL,
  `codename` varchar(100) NOT NULL,
  PRIMARY KEY (`id`),
  UNIQUE KEY `auth_permission_content_type_id_codename_01ab375a_uniq` (`content_type_id`,`codename`),
  CONSTRAINT `auth_permission_content_type_id_2f476e4b_fk_django_co` FOREIGN KEY (`content_type_id`) REFERENCES `django_content_type` (`id`)
) ENGINE=InnoDB AUTO_INCREMENT=41 DEFAULT CHARSET=utf8mb4 COLLATE=utf8mb4_0900_ai_ci;
/*!40101 SET character_set_client = @saved_cs_client */;

--
-- Dumping data for table `auth_permission`
--

LOCK TABLES `auth_permission` WRITE;
/*!40000 ALTER TABLE `auth_permission` DISABLE KEYS */;
INSERT INTO `auth_permission` VALUES (1,'Can add log entry',1,'add_logentry'),(2,'Can change log entry',1,'change_logentry'),(3,'Can delete log entry',1,'delete_logentry'),(4,'Can view log entry',1,'view_logentry'),(5,'Can add permission',2,'add_permission'),(6,'Can change permission',2,'change_permission'),(7,'Can delete permission',2,'delete_permission'),(8,'Can view permission',2,'view_permission'),(9,'Can add group',3,'add_group'),(10,'Can change group',3,'change_group'),(11,'Can delete group',3,'delete_group'),(12,'Can view group',3,'view_group'),(13,'Can add user',4,'add_user'),(14,'Can change user',4,'change_user'),(15,'Can delete user',4,'delete_user'),(16,'Can view user',4,'view_user'),(17,'Can add content type',5,'add_contenttype'),(18,'Can change content type',5,'change_contenttype'),(19,'Can delete content type',5,'delete_contenttype'),(20,'Can view content type',5,'view_contenttype'),(21,'Can add session',6,'add_session'),(22,'Can change session',6,'change_session'),(23,'Can delete session',6,'delete_session'),(24,'Can view session',6,'view_session'),(25,'Can add medsession',7,'add_medsession'),(26,'Can change medsession',7,'change_medsession'),(27,'Can delete medsession',7,'delete_medsession'),(28,'Can view medsession',7,'view_medsession'),(29,'Can add person',8,'add_person'),(30,'Can change person',8,'change_person'),(31,'Can delete person',8,'delete_person'),(32,'Can view person',8,'view_person'),(33,'Can add image',9,'add_image'),(34,'Can change image',9,'change_image'),(35,'Can delete image',9,'delete_image'),(36,'Can view image',9,'view_image'),(37,'Can add medsession person',10,'add_medsessionperson'),(38,'Can change medsession person',10,'change_medsessionperson'),(39,'Can delete medsession person',10,'delete_medsessionperson'),(40,'Can view medsession person',10,'view_medsessionperson');
/*!40000 ALTER TABLE `auth_permission` ENABLE KEYS */;
UNLOCK TABLES;

--
-- Table structure for table `auth_user`
--

DROP TABLE IF EXISTS `auth_user`;
/*!40101 SET @saved_cs_client     = @@character_set_client */;
/*!50503 SET character_set_client = utf8mb4 */;
CREATE TABLE `auth_user` (
  `id` int NOT NULL AUTO_INCREMENT,
  `password` varchar(128) NOT NULL,
  `last_login` datetime(6) DEFAULT NULL,
  `is_superuser` tinyint(1) NOT NULL,
  `username` varchar(150) NOT NULL,
  `first_name` varchar(150) NOT NULL,
  `last_name` varchar(150) NOT NULL,
  `email` varchar(254) NOT NULL,
  `is_staff` tinyint(1) NOT NULL,
  `is_active` tinyint(1) NOT NULL,
  `date_joined` datetime(6) NOT NULL,
  PRIMARY KEY (`id`),
  UNIQUE KEY `username` (`username`)
) ENGINE=InnoDB AUTO_INCREMENT=2 DEFAULT CHARSET=utf8mb4 COLLATE=utf8mb4_0900_ai_ci;
/*!40101 SET character_set_client = @saved_cs_client */;

--
-- Dumping data for table `auth_user`
--

LOCK TABLES `auth_user` WRITE;
/*!40000 ALTER TABLE `auth_user` DISABLE KEYS */;
INSERT INTO `auth_user` VALUES (1,'pbkdf2_sha256$600000$g8p0rIg33AmCjtrBQJHa9x$0KXEO7d8ixPsYPX0GpeK/aHrC00sFL4IXHFzIrHjwLk=','2023-10-14 08:43:56.156946',1,'admin','','','ahmed.se@gmail.com',1,1,'2023-10-14 08:43:45.063490');
/*!40000 ALTER TABLE `auth_user` ENABLE KEYS */;
UNLOCK TABLES;

--
-- Table structure for table `auth_user_groups`
--

DROP TABLE IF EXISTS `auth_user_groups`;
/*!40101 SET @saved_cs_client     = @@character_set_client */;
/*!50503 SET character_set_client = utf8mb4 */;
CREATE TABLE `auth_user_groups` (
  `id` bigint NOT NULL AUTO_INCREMENT,
  `user_id` int NOT NULL,
  `group_id` int NOT NULL,
  PRIMARY KEY (`id`),
  UNIQUE KEY `auth_user_groups_user_id_group_id_94350c0c_uniq` (`user_id`,`group_id`),
  KEY `auth_user_groups_group_id_97559544_fk_auth_group_id` (`group_id`),
  CONSTRAINT `auth_user_groups_group_id_97559544_fk_auth_group_id` FOREIGN KEY (`group_id`) REFERENCES `auth_group` (`id`),
  CONSTRAINT `auth_user_groups_user_id_6a12ed8b_fk_auth_user_id` FOREIGN KEY (`user_id`) REFERENCES `auth_user` (`id`)
) ENGINE=InnoDB DEFAULT CHARSET=utf8mb4 COLLATE=utf8mb4_0900_ai_ci;
/*!40101 SET character_set_client = @saved_cs_client */;

--
-- Dumping data for table `auth_user_groups`
--

LOCK TABLES `auth_user_groups` WRITE;
/*!40000 ALTER TABLE `auth_user_groups` DISABLE KEYS */;
/*!40000 ALTER TABLE `auth_user_groups` ENABLE KEYS */;
UNLOCK TABLES;

--
-- Table structure for table `auth_user_user_permissions`
--

DROP TABLE IF EXISTS `auth_user_user_permissions`;
/*!40101 SET @saved_cs_client     = @@character_set_client */;
/*!50503 SET character_set_client = utf8mb4 */;
CREATE TABLE `auth_user_user_permissions` (
  `id` bigint NOT NULL AUTO_INCREMENT,
  `user_id` int NOT NULL,
  `permission_id` int NOT NULL,
  PRIMARY KEY (`id`),
  UNIQUE KEY `auth_user_user_permissions_user_id_permission_id_14a6b632_uniq` (`user_id`,`permission_id`),
  KEY `auth_user_user_permi_permission_id_1fbb5f2c_fk_auth_perm` (`permission_id`),
  CONSTRAINT `auth_user_user_permi_permission_id_1fbb5f2c_fk_auth_perm` FOREIGN KEY (`permission_id`) REFERENCES `auth_permission` (`id`),
  CONSTRAINT `auth_user_user_permissions_user_id_a95ead1b_fk_auth_user_id` FOREIGN KEY (`user_id`) REFERENCES `auth_user` (`id`)
) ENGINE=InnoDB DEFAULT CHARSET=utf8mb4 COLLATE=utf8mb4_0900_ai_ci;
/*!40101 SET character_set_client = @saved_cs_client */;

--
-- Dumping data for table `auth_user_user_permissions`
--

LOCK TABLES `auth_user_user_permissions` WRITE;
/*!40000 ALTER TABLE `auth_user_user_permissions` DISABLE KEYS */;
/*!40000 ALTER TABLE `auth_user_user_permissions` ENABLE KEYS */;
UNLOCK TABLES;

--
-- Table structure for table `django_admin_log`
--

DROP TABLE IF EXISTS `django_admin_log`;
/*!40101 SET @saved_cs_client     = @@character_set_client */;
/*!50503 SET character_set_client = utf8mb4 */;
CREATE TABLE `django_admin_log` (
  `id` int NOT NULL AUTO_INCREMENT,
  `action_time` datetime(6) NOT NULL,
  `object_id` longtext,
  `object_repr` varchar(200) NOT NULL,
  `action_flag` smallint unsigned NOT NULL,
  `change_message` longtext NOT NULL,
  `content_type_id` int DEFAULT NULL,
  `user_id` int NOT NULL,
  PRIMARY KEY (`id`),
  KEY `django_admin_log_content_type_id_c4bce8eb_fk_django_co` (`content_type_id`),
  KEY `django_admin_log_user_id_c564eba6_fk_auth_user_id` (`user_id`),
  CONSTRAINT `django_admin_log_content_type_id_c4bce8eb_fk_django_co` FOREIGN KEY (`content_type_id`) REFERENCES `django_content_type` (`id`),
  CONSTRAINT `django_admin_log_user_id_c564eba6_fk_auth_user_id` FOREIGN KEY (`user_id`) REFERENCES `auth_user` (`id`),
  CONSTRAINT `django_admin_log_chk_1` CHECK ((`action_flag` >= 0))
) ENGINE=InnoDB DEFAULT CHARSET=utf8mb4 COLLATE=utf8mb4_0900_ai_ci;
/*!40101 SET character_set_client = @saved_cs_client */;

--
-- Dumping data for table `django_admin_log`
--

LOCK TABLES `django_admin_log` WRITE;
/*!40000 ALTER TABLE `django_admin_log` DISABLE KEYS */;
/*!40000 ALTER TABLE `django_admin_log` ENABLE KEYS */;
UNLOCK TABLES;

--
-- Table structure for table `django_content_type`
--

DROP TABLE IF EXISTS `django_content_type`;
/*!40101 SET @saved_cs_client     = @@character_set_client */;
/*!50503 SET character_set_client = utf8mb4 */;
CREATE TABLE `django_content_type` (
  `id` int NOT NULL AUTO_INCREMENT,
  `app_label` varchar(100) NOT NULL,
  `model` varchar(100) NOT NULL,
  PRIMARY KEY (`id`),
  UNIQUE KEY `django_content_type_app_label_model_76bd3d3b_uniq` (`app_label`,`model`)
) ENGINE=InnoDB AUTO_INCREMENT=11 DEFAULT CHARSET=utf8mb4 COLLATE=utf8mb4_0900_ai_ci;
/*!40101 SET character_set_client = @saved_cs_client */;

--
-- Dumping data for table `django_content_type`
--

LOCK TABLES `django_content_type` WRITE;
/*!40000 ALTER TABLE `django_content_type` DISABLE KEYS */;
INSERT INTO `django_content_type` VALUES (1,'admin','logentry'),(3,'auth','group'),(2,'auth','permission'),(4,'auth','user'),(5,'contenttypes','contenttype'),(9,'medapp','image'),(7,'medapp','medsession'),(10,'medapp','medsessionperson'),(8,'medapp','person'),(6,'sessions','session');
/*!40000 ALTER TABLE `django_content_type` ENABLE KEYS */;
UNLOCK TABLES;

--
-- Table structure for table `django_migrations`
--

DROP TABLE IF EXISTS `django_migrations`;
/*!40101 SET @saved_cs_client     = @@character_set_client */;
/*!50503 SET character_set_client = utf8mb4 */;
CREATE TABLE `django_migrations` (
  `id` bigint NOT NULL AUTO_INCREMENT,
  `app` varchar(255) NOT NULL,
  `name` varchar(255) NOT NULL,
  `applied` datetime(6) NOT NULL,
  PRIMARY KEY (`id`)
) ENGINE=InnoDB AUTO_INCREMENT=29 DEFAULT CHARSET=utf8mb4 COLLATE=utf8mb4_0900_ai_ci;
/*!40101 SET character_set_client = @saved_cs_client */;

--
-- Dumping data for table `django_migrations`
--

LOCK TABLES `django_migrations` WRITE;
/*!40000 ALTER TABLE `django_migrations` DISABLE KEYS */;
INSERT INTO `django_migrations` VALUES (1,'contenttypes','0001_initial','2023-10-14 08:39:58.127023'),(2,'auth','0001_initial','2023-10-14 08:40:00.489340'),(3,'admin','0001_initial','2023-10-14 08:40:01.058471'),(4,'admin','0002_logentry_remove_auto_add','2023-10-14 08:40:01.090225'),(5,'admin','0003_logentry_add_action_flag_choices','2023-10-14 08:40:01.105847'),(6,'contenttypes','0002_remove_content_type_name','2023-10-14 08:40:01.306148'),(7,'auth','0002_alter_permission_name_max_length','2023-10-14 08:40:01.504900'),(8,'auth','0003_alter_user_email_max_length','2023-10-14 08:40:01.671860'),(9,'auth','0004_alter_user_username_opts','2023-10-14 08:40:01.688121'),(10,'auth','0005_alter_user_last_login_null','2023-10-14 08:40:01.822097'),(11,'auth','0006_require_contenttypes_0002','2023-10-14 08:40:01.872508'),(12,'auth','0007_alter_validators_add_error_messages','2023-10-14 08:40:01.905335'),(13,'auth','0008_alter_user_username_max_length','2023-10-14 08:40:02.152671'),(14,'auth','0009_alter_user_last_name_max_length','2023-10-14 08:40:02.302216'),(15,'auth','0010_alter_group_name_max_length','2023-10-14 08:40:02.368371'),(16,'auth','0011_update_proxy_permissions','2023-10-14 08:40:02.389882'),(17,'auth','0012_alter_user_first_name_max_length','2023-10-14 08:40:02.552209'),(18,'sessions','0001_initial','2023-10-14 08:40:02.700778'),(19,'medapp','0001_initial','2023-10-14 10:39:16.363943'),(20,'medapp','0002_image','2023-10-15 11:19:07.199674'),(21,'medapp','0003_medsessionperson','2023-10-16 11:30:14.023488'),(22,'medapp','0004_medsessionperson_image_url','2023-10-17 10:48:54.725878'),(23,'medapp','0005_medsessionperson_corrected_label_and_more','2023-10-18 06:00:31.313398'),(24,'medapp','0006_person_group','2023-10-18 09:49:23.012558'),(25,'medapp','0007_person_label_person_year_b','2023-10-18 10:09:48.225879'),(26,'medapp','0008_person_arname_alter_person_year','2023-10-18 10:11:09.912810'),(27,'medapp','0009_medsessionperson_added_by_alter_medsessionperson_box_and_more','2023-10-19 09:21:50.538999'),(28,'medapp','0010_alter_medsessionperson_elected_label','2023-10-19 09:22:35.511050');
/*!40000 ALTER TABLE `django_migrations` ENABLE KEYS */;
UNLOCK TABLES;

--
-- Table structure for table `django_session`
--

DROP TABLE IF EXISTS `django_session`;
/*!40101 SET @saved_cs_client     = @@character_set_client */;
/*!50503 SET character_set_client = utf8mb4 */;
CREATE TABLE `django_session` (
  `session_key` varchar(40) NOT NULL,
  `session_data` longtext NOT NULL,
  `expire_date` datetime(6) NOT NULL,
  PRIMARY KEY (`session_key`),
  KEY `django_session_expire_date_a5c62663` (`expire_date`)
) ENGINE=InnoDB DEFAULT CHARSET=utf8mb4 COLLATE=utf8mb4_0900_ai_ci;
/*!40101 SET character_set_client = @saved_cs_client */;

--
-- Dumping data for table `django_session`
--

LOCK TABLES `django_session` WRITE;
/*!40000 ALTER TABLE `django_session` DISABLE KEYS */;
INSERT INTO `django_session` VALUES ('khf15g6qghg5t039pl4j8bx90ofqa5yl','.eJxVjDsOwjAQBe_iGln-sPGakj5nsHa9NgmgRIqTCnF3iJQC2jcz76USbeuQtlaWNIq6KKtOvxtTfpRpB3Kn6TbrPE_rMrLeFX3QpvtZyvN6uH8HA7XhW3MoGZ1wjWSBO0fia2BvIAIbBzY4qR4RIdhsoyVTzyiuq4CdwWK8en8A53w3Rg:1qraFY:9Hn_4IsUkx-W8htDPY77F0ZNNjZ1SXrkop6RJEDeY94','2023-10-28 08:43:56.173226');
/*!40000 ALTER TABLE `django_session` ENABLE KEYS */;
UNLOCK TABLES;

--
-- Table structure for table `medapp_image`
--

DROP TABLE IF EXISTS `medapp_image`;
/*!40101 SET @saved_cs_client     = @@character_set_client */;
/*!50503 SET character_set_client = utf8mb4 */;
CREATE TABLE `medapp_image` (
  `id` bigint NOT NULL AUTO_INCREMENT,
  `image` varchar(100) NOT NULL,
  `medsession_id` int NOT NULL,
  PRIMARY KEY (`id`),
  KEY `medapp_image_medsession_id_68c43d35_fk_medapp_me` (`medsession_id`),
  CONSTRAINT `medapp_image_medsession_id_68c43d35_fk_medapp_me` FOREIGN KEY (`medsession_id`) REFERENCES `medapp_medsession` (`sessionid`)
) ENGINE=InnoDB AUTO_INCREMENT=137 DEFAULT CHARSET=utf8mb4 COLLATE=utf8mb4_0900_ai_ci;
/*!40101 SET character_set_client = @saved_cs_client */;

--
-- Dumping data for table `medapp_image`
--

LOCK TABLES `medapp_image` WRITE;
/*!40000 ALTER TABLE `medapp_image` DISABLE KEYS */;
INSERT INTO `medapp_image` VALUES (1,'runs/3/1/2023-10-16/2/108/WhatsApp_Image_2023-10-15_at_12.45.30_PM.jpeg',7),(2,'runs/3/1/2023-10-16/1/108/WhatsApp_Image_2023-10-15_at_12.45.28_PM_1.jpeg',9),(3,'runs/3/1/2023-10-16/1/108/WhatsApp_Image_2023-10-15_at_12.45.29_PM_1.jpeg',10),(4,'runs/3/1/2023-10-16/1/108/WhatsApp_Image_2023-10-15_at_12.45.29_PM.jpeg',10),(5,'runs/3/1/2023-10-16/1/108/WhatsApp_Image_2023-10-15_at_12.45.28_PM.jpeg',10),(6,'runs/3/1/2023-10-16/1/607/WhatsApp_Image_2023-10-15_at_12.45.27_PM_1.jpeg',12),(7,'runs/3/1/2023-10-16/1/607/WhatsApp_Image_2023-10-15_at_12.45.27_PM.jpeg',12),(8,'runs/3/1/2023-10-16/1/607/WhatsApp_Image_2023-10-15_at_12.45.29_PM_1.jpeg',12),(9,'runs/3/1/2023-10-16/1/052/WhatsApp_Image_2023-10-07_at_9.49.47_AM_1.jpeg',13),(10,'runs/3/1/2023-10-16/1/052/WhatsApp_Image_2023-10-07_at_9.49.47_AM_1_IRy73U2.jpeg',13),(11,'runs/3/1/2023-10-16/1/052/WhatsApp_Image_2023-10-07_at_9.49.45_AM.jpeg',13),(12,'runs/3/1/2023-10-16/1/052/WhatsApp_Image_2023-10-15_at_12.45.29_PM.jpeg',13),(13,'runs/3/1/2023-10-16/1/102/WhatsApp_Image_2023-10-15_at_12.45.27_PM_1.jpeg',14),(14,'runs/3/1/2023-10-16/1/102/WhatsApp_Image_2023-10-15_at_12.45.29_PM_1.jpeg',14),(15,'runs/3/1/2023-10-16/1/102/WhatsApp_Image_2023-10-15_at_12.45.27_PM_1_N4gLv7q.jpeg',15),(16,'runs/3/1/2023-10-16/1/102/WhatsApp_Image_2023-10-15_at_12.45.29_PM_1_w8olaGF.jpeg',15),(17,'runs/3/1/2023-10-16/1/102/WhatsApp_Image_2023-10-15_at_12.45.27_PM_1_4YzF7YQ.jpeg',16),(18,'runs/3/1/2023-10-16/1/102/WhatsApp_Image_2023-10-15_at_12.45.29_PM_1_Fob5ETR.jpeg',16),(19,'runs/3/1/2023-10-16/1/102/WhatsApp_Image_2023-10-15_at_12.45.27_PM_1_U7Pl9G0.jpeg',17),(20,'runs/3/1/2023-10-16/1/102/WhatsApp_Image_2023-10-15_at_12.45.29_PM_1_ju16nfz.jpeg',17),(21,'runs/3/1/2023-10-16/1/102/WhatsApp_Image_2023-10-15_at_12.45.27_PM_1_IdJLnY9.jpeg',18),(22,'runs/3/1/2023-10-16/1/102/WhatsApp_Image_2023-10-15_at_12.45.29_PM_1_cFVCtAQ.jpeg',18),(23,'runs/3/1/2023-10-16/1/102/WhatsApp_Image_2023-10-15_at_12.45.27_PM_1_RoxaHtX.jpeg',19),(24,'runs/3/1/2023-10-16/1/102/WhatsApp_Image_2023-10-15_at_12.45.29_PM_1_L2eoDng.jpeg',19),(25,'runs/3/1/2023-10-16/1/102/WhatsApp_Image_2023-10-15_at_12.45.27_PM_1_QkamJEb.jpeg',20),(26,'runs/3/1/2023-10-16/1/102/WhatsApp_Image_2023-10-15_at_12.45.29_PM_1_6fG0zYP.jpeg',20),(27,'runs/3/1/2023-10-16/1/102/WhatsApp_Image_2023-10-15_at_12.45.27_PM_1_QVFtIfD.jpeg',21),(28,'runs/3/1/2023-10-16/1/102/WhatsApp_Image_2023-10-15_at_12.45.29_PM_1_CAqyu1m.jpeg',21),(29,'runs/3/1/2023-10-16/1/102/WhatsApp_Image_2023-10-15_at_12.45.27_PM_1_8mIvAqP.jpeg',22),(30,'runs/3/1/2023-10-16/1/102/WhatsApp_Image_2023-10-15_at_12.45.29_PM_1_MPtmdZz.jpeg',22),(31,'runs/3/1/2023-10-16/1/102/WhatsApp_Image_2023-10-15_at_12.45.27_PM_1_fScsglb.jpeg',23),(32,'runs/3/1/2023-10-16/1/102/WhatsApp_Image_2023-10-15_at_12.45.29_PM_1_lknV6Ha.jpeg',23),(33,'runs/3/1/2023-10-16/1/102/WhatsApp_Image_2023-10-15_at_12.45.27_PM_1_Oj118lU.jpeg',24),(34,'runs/3/1/2023-10-16/1/102/WhatsApp_Image_2023-10-15_at_12.45.29_PM_1_14IbQsQ.jpeg',24),(35,'runs/3/1/2023-10-16/1/102/WhatsApp_Image_2023-10-15_at_12.45.27_PM_1_rkUQL1W.jpeg',25),(36,'runs/3/1/2023-10-16/1/102/WhatsApp_Image_2023-10-15_at_12.45.29_PM_1_nt8eGiK.jpeg',25),(37,'runs/3/1/2023-10-16/1/102/WhatsApp_Image_2023-10-15_at_12.45.27_PM_1_LteH0PI.jpeg',26),(38,'runs/3/1/2023-10-16/1/102/WhatsApp_Image_2023-10-15_at_12.45.29_PM_1_8baw5pa.jpeg',26),(39,'runs/3/1/2023-10-16/1/102/WhatsApp_Image_2023-10-15_at_12.45.27_PM_1_DIueGp1.jpeg',27),(40,'runs/3/1/2023-10-16/1/102/WhatsApp_Image_2023-10-15_at_12.45.29_PM_1_Z2iPzhN.jpeg',27),(41,'runs/3/1/2023-10-17/1/607/362924301_295703236317145_5273390905084975279_n.jpg',28),(42,'runs/3/1/2023-10-17/1/607/imageonline-co-textimage_3.png',28),(43,'runs/3/1/2023-10-17/1/607/WhatsApp_Image_2023-10-15_at_12.45.30_PM.jpeg',28),(44,'runs/3/1/2023-10-17/1/607/362924301_295703236317145_5273390905084975279_n_Z3gUSPr.jpg',29),(45,'runs/3/1/2023-10-17/1/607/imageonline-co-textimage_3_JvEAlAq.png',29),(46,'runs/3/1/2023-10-17/1/607/WhatsApp_Image_2023-10-15_at_12.45.30_PM_xzKVj2j.jpeg',29),(47,'runs/3/1/2023-10-17/1/607/362924301_295703236317145_5273390905084975279_n_blK3ihC.jpg',30),(48,'runs/3/1/2023-10-17/1/607/imageonline-co-textimage_3_6R8KWF4.png',30),(49,'runs/3/1/2023-10-17/1/607/WhatsApp_Image_2023-10-15_at_12.45.30_PM_MUgtpCO.jpeg',30),(50,'runs/3/1/2023-10-17/1/607/362924301_295703236317145_5273390905084975279_n_bzUmPH9.jpg',31),(51,'runs/3/1/2023-10-17/1/607/imageonline-co-textimage_3_ippKe3l.png',31),(52,'runs/3/1/2023-10-17/1/607/WhatsApp_Image_2023-10-15_at_12.45.30_PM_lA8yiTb.jpeg',31),(53,'runs/3/1/2023-10-17/1/607/362924301_295703236317145_5273390905084975279_n_TTZmbCl.jpg',32),(54,'runs/3/1/2023-10-17/1/607/imageonline-co-textimage_3_lWuYWE2.png',32),(55,'runs/3/1/2023-10-17/1/607/WhatsApp_Image_2023-10-15_at_12.45.30_PM_GUEBZFj.jpeg',32),(56,'runs/3/1/2023-10-17/3/607/WhatsApp_Image_2023-10-15_at_12.45.29_PM.jpeg',33),(57,'runs/3/1/2023-10-17/1/052/WhatsApp_Image_2023-10-15_at_12.45.28_PM.jpeg',34),(58,'runs/3/1/2023-10-17/1/052/WhatsApp_Image_2023-10-15_at_12.45.28_PM_gEwfj1k.jpeg',35),(59,'runs/3/1/2023-10-17/1/052/WhatsApp_Image_2023-10-15_at_12.45.28_PM_KSnedVn.jpeg',36),(60,'runs/3/1/2023-10-17/1/052/WhatsApp_Image_2023-10-15_at_12.45.28_PM_BpWnKwf.jpeg',37),(61,'runs/3/1/2023-10-17/2/052/WhatsApp_Image_2023-10-15_at_12.45.30_PM.jpeg',38),(62,'runs/3/1/2023-10-17/2/052/WhatsApp_Image_2023-10-15_at_12.45.27_PM.jpeg',39),(63,'runs/3/1/2023-10-17/3/052/WhatsApp_Image_2023-10-15_at_12.45.27_PM.jpeg',40),(64,'runs/3/1/2023-10-17/3/052/WhatsApp_Image_2023-10-15_at_12.45.28_PM_1.jpeg',41),(65,'runs/3/1/2023-10-17/2/052/WhatsApp_Image_2023-10-15_at_12.45.30_PM_GPUl2p2.jpeg',42),(66,'runs/3/1/2023-10-17/2/052/WhatsApp_Image_2023-10-15_at_12.45.28_PM.jpeg',43),(67,'runs/3/1/2023-10-17/3/052/WhatsApp_Image_2023-10-15_at_12.45.27_PM_i2nQM1C.jpeg',44),(68,'runs/3/1/2023-10-17/3/052/WhatsApp_Image_2023-10-07_at_9.49.45_AM.jpeg',45),(69,'runs/3/1/2023-10-17/3/052/WhatsApp_Image_2023-10-07_at_9.49.45_AM_SvlxSUq.jpeg',46),(70,'runs/3/1/2023-10-17/2/052/WhatsApp_Image_2023-10-15_at_12.45.29_PM_1.jpeg',47),(71,'runs/3/1/2023-10-17/2/052/WhatsApp_Image_2023-10-15_at_12.45.27_PM_0z15o2N.jpeg',48),(72,'runs/3/1/2023-10-17/3/052/WhatsApp_Image_2023-10-15_at_12.45.28_PM.jpeg',49),(73,'runs/3/1/2023-10-17/2/052/WhatsApp_Image_2023-10-15_at_12.45.29_PM_1_Lzh3Wp2.jpeg',50),(74,'runs/3/1/2023-10-17/1/052/WhatsApp_Image_2023-10-07_at_9.49.47_AM.jpeg',51),(75,'runs/3/1/2023-10-17/2/052/WhatsApp_Image_2023-10-07_at_9.49.46_AM_2.jpeg',52),(76,'runs/3/1/2023-10-17/1/052/WhatsApp_Image_2023-10-07_at_9.49.46_AM_2.jpeg',53),(77,'runs/3/1/2023-10-17/1/052/WhatsApp_Image_2023-10-07_at_9.49.47_AM_ED38CrC.jpeg',54),(78,'runs/3/1/2023-10-17/1/052/WhatsApp_Image_2023-10-07_at_9.49.47_AM_0OpGPyD.jpeg',55),(79,'runs/3/1/2023-10-17/1/052/WhatsApp_Image_2023-10-07_at_9.49.47_AM_t6ILKsc.jpeg',56),(80,'runs/3/1/2023-10-17/1/052/WhatsApp_Image_2023-10-07_at_9.49.47_AM_qMdYnh9.jpeg',57),(81,'runs/3/1/2023-10-17/1/052/WhatsApp_Image_2023-10-07_at_9.49.47_AM_hj78uWV.jpeg',58),(82,'runs/3/1/2023-10-17/1/052/WhatsApp_Image_2023-10-07_at_9.49.47_AM_nqc45Ju.jpeg',59),(83,'runs/3/1/2023-10-17/1/052/WhatsApp_Image_2023-10-07_at_9.49.47_AM_ov9gzXk.jpeg',60),(84,'runs/3/1/2023-10-17/1/052/WhatsApp_Image_2023-10-07_at_9.49.47_AM_3Xt0QL1.jpeg',61),(85,'runs/3/1/2023-10-17/1/052/WhatsApp_Image_2023-10-07_at_9.49.47_AM_ZWuBfh6.jpeg',62),(86,'runs/3/1/2023-10-17/1/052/WhatsApp_Image_2023-10-07_at_9.49.47_AM.jpeg',63),(87,'runs/3/1/2023-10-17/1/052/WhatsApp_Image_2023-10-07_at_9.49.47_AM_PeYLKZR.jpeg',64),(88,'runs/3/1/2023-10-17/1/052/WhatsApp_Image_2023-10-07_at_9.49.47_AM_aqsgYSF.jpeg',65),(89,'runs/3/1/2023-10-17/1/052/WhatsApp_Image_2023-10-07_at_9.49.47_AM_fLngaGd.jpeg',66),(90,'runs/3/1/2023-10-17/1/052/WhatsApp_Image_2023-10-07_at_9.49.47_AM_IR91gQg.jpeg',67),(91,'runs/3/1/2023-10-17/1/052/WhatsApp_Image_2023-10-07_at_9.49.47_AM_U0HQQF0.jpeg',68),(92,'runs/3/1/2023-10-17/1/052/WhatsApp_Image_2023-10-07_at_9.49.47_AM.jpeg',69),(93,'runs/3/1/2023-10-17/1/052/WhatsApp_Image_2023-10-07_at_9.49.47_AM_HvkwFEl.jpeg',70),(94,'runs/3/1/2023-10-17/1/052/WhatsApp_Image_2023-10-07_at_9.49.47_AM.jpeg',71),(95,'runs/3/1/2023-10-17/1/052/WhatsApp_Image_2023-10-07_at_9.49.47_AM_jkFzEyQ.jpeg',72),(96,'runs/3/1/2023-10-17/1/052/WhatsApp_Image_2023-10-07_at_9.49.47_AM_fdnKBcA.jpeg',73),(97,'runs/3/1/2023-10-17/1/052/WhatsApp_Image_2023-10-07_at_9.49.47_AM.jpeg',74),(98,'runs/3/1/2023-10-17/1/052/WhatsApp_Image_2023-10-07_at_9.49.47_AM_nVRANcb.jpeg',75),(99,'runs/3/1/2023-10-17/1/052/WhatsApp_Image_2023-10-07_at_9.49.47_AM.jpeg',76),(100,'runs/3/1/2023-10-17/1/052/WhatsApp_Image_2023-10-07_at_9.49.47_AM_EeLEQzV.jpeg',77),(101,'runs/3/1/2023-10-17/1/052/WhatsApp_Image_2023-10-07_at_9.49.47_AM.jpeg',78),(102,'runs/3/1/2023-10-17/1/052/WhatsApp_Image_2023-10-07_at_9.49.47_AM.jpeg',79),(103,'runs/3/1/2023-10-17/1/052/WhatsApp_Image_2023-10-07_at_9.49.47_AM.jpeg',80),(104,'runs/3/1/2023-10-17/1/052/WhatsApp_Image_2023-10-07_at_9.49.47_AM_7Myqw5r.jpeg',81),(105,'runs/3/1/2023-10-17/1/052/WhatsApp_Image_2023-10-07_at_9.49.47_AM.jpeg',82),(106,'runs/3/1/2023-10-17/1/052/WhatsApp_Image_2023-10-07_at_9.49.47_AM_49Uwbtp.jpeg',83),(107,'runs/3/1/2023-10-17/1/052/WhatsApp_Image_2023-10-07_at_9.49.47_AM.jpeg',84),(108,'runs/3/1/2023-10-17/1/052/WhatsApp_Image_2023-10-07_at_9.49.47_AM.jpeg',85),(109,'runs/3/1/2023-10-17/1/052/WhatsApp_Image_2023-10-07_at_9.49.47_AM.jpeg',86),(110,'runs/3/1/2023-10-18/1/607/WhatsApp_Image_2023-10-15_at_12.45.29_PM.jpeg',87),(111,'runs/3/1/2023-10-18/1/607/WhatsApp_Image_2023-10-15_at_12.45.27_PM_1.jpeg',87),(112,'runs/3/1/2023-10-18/1/607/WhatsApp_Image_2023-10-15_at_12.45.27_PM.jpeg',87),(113,'runs/3/1/2023-10-18/1/607/WhatsApp_Image_2023-10-15_at_12.45.29_PM_hwBu3jx.jpeg',88),(114,'runs/3/1/2023-10-18/1/607/WhatsApp_Image_2023-10-15_at_12.45.27_PM_1_QWeExqm.jpeg',88),(115,'runs/3/1/2023-10-18/1/607/WhatsApp_Image_2023-10-15_at_12.45.27_PM_l6VwfT6.jpeg',88),(116,'runs/3/1/2023-10-18/1/607/WhatsApp_Image_2023-10-15_at_12.45.29_PM_LCAhKJf.jpeg',89),(117,'runs/3/1/2023-10-18/1/607/WhatsApp_Image_2023-10-15_at_12.45.27_PM_1_iYkkl2A.jpeg',89),(118,'runs/3/1/2023-10-18/1/607/WhatsApp_Image_2023-10-15_at_12.45.27_PM_LUXfoZu.jpeg',89),(119,'runs/3/1/2023-10-18/1/607/WhatsApp_Image_2023-10-15_at_12.45.29_PM_d618zcI.jpeg',90),(120,'runs/3/1/2023-10-18/1/607/WhatsApp_Image_2023-10-15_at_12.45.27_PM_1_7T7Pnq4.jpeg',90),(121,'runs/3/1/2023-10-18/1/607/WhatsApp_Image_2023-10-15_at_12.45.27_PM_gQi4Azk.jpeg',90),(122,'runs/3/1/2023-10-18/1/607/WhatsApp_Image_2023-10-15_at_12.45.29_PM_efRiux5.jpeg',91),(123,'runs/3/1/2023-10-18/1/607/WhatsApp_Image_2023-10-15_at_12.45.27_PM_1_V7Xglv3.jpeg',91),(124,'runs/3/1/2023-10-18/1/607/WhatsApp_Image_2023-10-15_at_12.45.27_PM_cb6AEiR.jpeg',91),(125,'runs/3/1/2023-10-18/1/607/WhatsApp_Image_2023-10-15_at_12.45.29_PM_n0Lo9py.jpeg',92),(126,'runs/3/1/2023-10-18/1/607/WhatsApp_Image_2023-10-15_at_12.45.27_PM_1_quEr3r5.jpeg',92),(127,'runs/3/1/2023-10-18/1/607/WhatsApp_Image_2023-10-15_at_12.45.27_PM_u4PVJ7C.jpeg',92),(128,'runs/3/1/2023-10-18/1/607/WhatsApp_Image_2023-10-15_at_12.45.29_PM.jpeg',93),(129,'runs/3/1/2023-10-18/1/607/WhatsApp_Image_2023-10-15_at_12.45.27_PM_1.jpeg',93),(130,'runs/3/1/2023-10-18/1/607/WhatsApp_Image_2023-10-15_at_12.45.27_PM.jpeg',93),(131,'runs/3/1/2023-10-18/1/607/WhatsApp_Image_2023-10-15_at_12.45.29_PM_VD9GQ4k.jpeg',94),(132,'runs/3/1/2023-10-18/1/607/WhatsApp_Image_2023-10-15_at_12.45.27_PM_1_vRLjVdZ.jpeg',94),(133,'runs/3/1/2023-10-18/1/607/WhatsApp_Image_2023-10-15_at_12.45.27_PM_SrcTu5E.jpeg',94),(134,'runs/3/1/2023-10-18/1/607/WhatsApp_Image_2023-10-15_at_12.45.29_PM.jpeg',95),(135,'runs/3/1/2023-10-18/1/607/WhatsApp_Image_2023-10-15_at_12.45.27_PM_1.jpeg',95),(136,'runs/3/1/2023-10-18/1/607/WhatsApp_Image_2023-10-15_at_12.45.27_PM.jpeg',95);
/*!40000 ALTER TABLE `medapp_image` ENABLE KEYS */;
UNLOCK TABLES;

--
-- Table structure for table `medapp_medsession`
--

DROP TABLE IF EXISTS `medapp_medsession`;
/*!40101 SET @saved_cs_client     = @@character_set_client */;
/*!50503 SET character_set_client = utf8mb4 */;
CREATE TABLE `medapp_medsession` (
  `sessionid` int NOT NULL AUTO_INCREMENT,
  `period` varchar(1) NOT NULL,
  `day` date NOT NULL,
  `term` varchar(1) NOT NULL,
  `year` varchar(1) NOT NULL,
  `room` varchar(50) NOT NULL,
  `course` varchar(400) NOT NULL,
  `lecturer` varchar(400) NOT NULL,
  `modifytime` datetime(6) NOT NULL,
  PRIMARY KEY (`sessionid`)
) ENGINE=InnoDB AUTO_INCREMENT=96 DEFAULT CHARSET=utf8mb4 COLLATE=utf8mb4_0900_ai_ci;
/*!40101 SET character_set_client = @saved_cs_client */;

--
-- Dumping data for table `medapp_medsession`
--

LOCK TABLES `medapp_medsession` WRITE;
/*!40000 ALTER TABLE `medapp_medsession` DISABLE KEYS */;
INSERT INTO `medapp_medsession` VALUES (1,'1','2023-10-15','1','3','108','new course','any','2023-10-15 09:17:41.219490'),(3,'3','2023-10-16','2','3','052','Cell Biology','Dr. Ahmed -aa','2023-10-15 10:26:57.072311'),(4,'3','2023-10-15','2','3','607','Cell Biology','Dr. Ahmed','2023-10-15 10:26:47.544908'),(5,'3','2023-10-15','2','3','607','Cell Biology','Dr. Ahmed','2023-10-15 11:20:33.528293'),(6,'3','2023-10-15','1','3','052','any','Dr. Ahmed','2023-10-15 11:30:17.439724'),(7,'2','2023-10-16','1','3','108','any','any','2023-10-16 06:36:52.554531'),(8,'1','2023-10-16','1','3','607','new course','Dr. Ahmed','2023-10-16 06:45:09.304464'),(9,'1','2023-10-16','1','3','108','Cell Biology','Dr. Ahmed','2023-10-16 06:46:04.702319'),(10,'1','2023-10-16','1','3','108','Cell Biology','Dr. Ahmed','2023-10-16 06:46:48.444570'),(11,'1','2023-10-16','1','3','607','any','Dr. Ahmed -aa','2023-10-16 06:55:24.127988'),(12,'1','2023-10-16','1','3','607','Cell Biology','Dr. Ahmed -aa','2023-10-16 06:56:06.904873'),(13,'1','2023-10-16','1','3','052','Cell Biology','Dr. Ahmed -aa','2023-10-16 07:06:52.082934'),(14,'1','2023-10-16','1','3','102','Cell Biology','Dr. Ahmed -aa','2023-10-16 11:39:13.954204'),(15,'1','2023-10-16','1','3','102','Cell Biology','Dr. Ahmed -aa','2023-10-16 11:47:07.569582'),(16,'1','2023-10-16','1','3','102','Cell Biology','Dr. Ahmed -aa','2023-10-16 11:47:52.257416'),(17,'1','2023-10-16','1','3','102','Cell Biology','Dr. Ahmed -aa','2023-10-16 11:48:45.180577'),(18,'1','2023-10-16','1','3','102','Cell Biology','Dr. Ahmed -aa','2023-10-16 11:49:40.312472'),(19,'1','2023-10-16','1','3','102','Cell Biology','Dr. Ahmed -aa','2023-10-16 11:50:58.754935'),(20,'1','2023-10-16','1','3','102','Cell Biology','Dr. Ahmed -aa','2023-10-16 11:54:30.397295'),(21,'1','2023-10-16','1','3','102','Cell Biology','Dr. Ahmed -aa','2023-10-17 05:50:21.490330'),(22,'1','2023-10-16','1','3','102','Cell Biology','Dr. Ahmed -aa','2023-10-17 06:02:46.147027'),(23,'1','2023-10-16','1','3','102','Cell Biology','Dr. Ahmed -aa','2023-10-17 06:07:09.448312'),(24,'1','2023-10-16','1','3','102','Cell Biology','Dr. Ahmed -aa','2023-10-17 06:07:35.877418'),(25,'1','2023-10-16','1','3','102','Cell Biology','Dr. Ahmed -aa','2023-10-17 06:09:18.860592'),(26,'1','2023-10-16','1','3','102','Cell Biology','Dr. Ahmed -aa','2023-10-17 06:09:25.089286'),(27,'1','2023-10-16','1','3','102','Cell Biology','Dr. Ahmed -aa','2023-10-17 06:09:57.415068'),(28,'1','2023-10-17','1','3','607','any','Dr. Ahmed -aa','2023-10-17 06:21:27.223876'),(29,'1','2023-10-17','1','3','607','any','Dr. Ahmed -aa','2023-10-17 06:24:01.047456'),(30,'1','2023-10-17','1','3','607','any','Dr. Ahmed -aa','2023-10-17 06:24:27.108609'),(31,'1','2023-10-17','1','3','607','any','Dr. Ahmed -aa','2023-10-17 06:24:54.026520'),(32,'1','2023-10-17','1','3','607','any','Dr. Ahmed -aa','2023-10-17 06:26:51.283280'),(33,'3','2023-10-17','1','3','607','any','Dr. Ahmed -aa','2023-10-17 06:27:18.638948'),(34,'1','2023-10-17','1','3','052','Cell Biology','Dr. Ahmed -aa','2023-10-17 06:28:08.247669'),(35,'1','2023-10-17','1','3','052','Cell Biology','Dr. Ahmed -aa','2023-10-17 06:29:24.949668'),(36,'1','2023-10-17','1','3','052','Cell Biology','Dr. Ahmed -aa','2023-10-17 06:30:04.207510'),(37,'1','2023-10-17','1','3','052','Cell Biology','Dr. Ahmed -aa','2023-10-17 06:31:14.155645'),(38,'2','2023-10-17','1','3','052','Cell Biology','Dr. Ahmed -aa','2023-10-17 06:32:00.028913'),(39,'2','2023-10-17','1','3','052','Cell Biology','Dr. Ahmed -aa','2023-10-17 06:45:29.070316'),(40,'3','2023-10-17','1','3','052','Cell Biology','Dr. Ahmed -aa','2023-10-17 06:46:47.429483'),(41,'3','2023-10-17','1','3','052','Cell Biology','Dr. Ahmed -aa','2023-10-17 06:47:33.899146'),(42,'2','2023-10-17','1','3','052','Cell Biology','Dr. Ahmed -aa','2023-10-17 06:48:52.890360'),(43,'2','2023-10-17','1','3','052','Cell Biology','Dr. Ahmed -aa','2023-10-17 06:49:55.657820'),(44,'3','2023-10-17','1','3','052','Cell Biology','Dr. Ahmed -aa','2023-10-17 06:50:34.717045'),(45,'3','2023-10-17','1','3','052','Cell Biology','Dr. Ahmed -aa','2023-10-17 06:51:10.324327'),(46,'3','2023-10-17','1','3','052','Cell Biology','Dr. Ahmed -aa','2023-10-17 06:51:45.418895'),(47,'2','2023-10-17','1','3','052','Cell Biology','Dr. Ahmed -aa','2023-10-17 06:51:55.699345'),(48,'2','2023-10-17','1','3','052','Cell Biology','Dr. Ahmed -aa','2023-10-17 06:52:48.460707'),(49,'3','2023-10-17','1','3','052','Cell Biology','Dr. Ahmed -aa','2023-10-17 06:53:38.934584'),(50,'2','2023-10-17','1','3','052','Cell Biology','Dr. Ahmed -aa','2023-10-17 06:54:47.301519'),(51,'1','2023-10-17','1','3','052','Cell Biology','Dr. Ahmed -aa','2023-10-17 06:55:42.436084'),(52,'2','2023-10-17','1','3','052','Cell Biology','Dr. Ahmed -aa','2023-10-17 06:56:13.203438'),(53,'1','2023-10-17','1','3','052','Cell Biology','Dr. Ahmed -aa','2023-10-17 06:57:03.951167'),(54,'1','2023-10-17','1','3','052','Cell Biology','Dr. Ahmed -aa','2023-10-17 06:58:09.628927'),(55,'1','2023-10-17','1','3','052','Cell Biology','Dr. Ahmed -aa','2023-10-17 07:04:04.628646'),(56,'1','2023-10-17','1','3','052','Cell Biology','Dr. Ahmed -aa','2023-10-17 07:09:33.267221'),(57,'1','2023-10-17','1','3','052','Cell Biology','Dr. Ahmed -aa','2023-10-17 07:10:48.785906'),(58,'1','2023-10-17','1','3','052','Cell Biology','Dr. Ahmed -aa','2023-10-17 07:14:35.765092'),(59,'1','2023-10-17','1','3','052','Cell Biology','Dr. Ahmed -aa','2023-10-17 07:15:10.598034'),(60,'1','2023-10-17','1','3','052','Cell Biology','Dr. Ahmed -aa','2023-10-17 07:17:03.493046'),(61,'1','2023-10-17','1','3','052','Cell Biology','Dr. Ahmed -aa','2023-10-17 07:18:04.865315'),(62,'1','2023-10-17','1','3','052','Cell Biology','Dr. Ahmed -aa','2023-10-17 07:21:20.364514'),(63,'1','2023-10-17','1','3','052','Cell Biology','Dr. Ahmed -aa','2023-10-17 07:23:24.490908'),(64,'1','2023-10-17','1','3','052','Cell Biology','Dr. Ahmed -aa','2023-10-17 07:24:21.131654'),(65,'1','2023-10-17','1','3','052','Cell Biology','Dr. Ahmed -aa','2023-10-17 07:30:37.040255'),(66,'1','2023-10-17','1','3','052','Cell Biology','Dr. Ahmed -aa','2023-10-17 07:31:14.988535'),(67,'1','2023-10-17','1','3','052','Cell Biology','Dr. Ahmed -aa','2023-10-17 07:33:33.825936'),(68,'1','2023-10-17','1','3','052','Cell Biology','Dr. Ahmed -aa','2023-10-17 07:34:25.484081'),(69,'1','2023-10-17','1','3','052','Cell Biology','Dr. Ahmed -aa','2023-10-17 07:35:15.207269'),(70,'1','2023-10-17','1','3','052','Cell Biology','Dr. Ahmed -aa','2023-10-17 07:35:50.901612'),(71,'1','2023-10-17','1','3','052','Cell Biology','Dr. Ahmed -aa','2023-10-17 07:38:29.140681'),(72,'1','2023-10-17','1','3','052','Cell Biology','Dr. Ahmed -aa','2023-10-17 07:44:39.307916'),(73,'1','2023-10-17','1','3','052','Cell Biology','Dr. Ahmed -aa','2023-10-17 07:46:15.196641'),(74,'1','2023-10-17','1','3','052','Cell Biology','Dr. Ahmed -aa','2023-10-17 07:50:34.610330'),(75,'1','2023-10-17','1','3','052','Cell Biology','Dr. Ahmed -aa','2023-10-17 07:57:11.963029'),(76,'1','2023-10-17','1','3','052','Cell Biology','Dr. Ahmed -aa','2023-10-17 08:02:57.623103'),(77,'1','2023-10-17','1','3','052','Cell Biology','Dr. Ahmed -aa','2023-10-17 08:10:40.301246'),(78,'1','2023-10-17','1','3','052','Cell Biology','Dr. Ahmed -aa','2023-10-17 08:15:54.227238'),(79,'1','2023-10-17','1','3','052','Cell Biology','Dr. Ahmed -aa','2023-10-17 08:26:27.002557'),(80,'1','2023-10-17','1','3','052','Cell Biology','Dr. Ahmed -aa','2023-10-17 08:45:18.352318'),(81,'1','2023-10-17','1','3','052','Cell Biology','Dr. Ahmed -aa','2023-10-17 08:48:38.364047'),(82,'1','2023-10-17','1','3','052','Cell Biology','Dr. Ahmed -aa','2023-10-17 08:58:47.619232'),(83,'1','2023-10-17','1','3','052','Cell Biology','Dr. Ahmed -aa','2023-10-17 09:01:26.419393'),(84,'1','2023-10-17','1','3','052','Cell Biology','Dr. Ahmed -aa','2023-10-17 09:05:51.643976'),(85,'1','2023-10-17','1','3','052','Cell Biology','Dr. Ahmed -aa','2023-10-17 09:09:18.258010'),(86,'1','2023-10-17','1','3','052','Cell Biology','Dr. Ahmed -aa','2023-10-17 09:17:24.037974'),(87,'1','2023-10-18','1','3','607','n/a','n/a','2023-10-18 06:40:37.461116'),(88,'1','2023-10-18','1','3','607','n/a','n/a','2023-10-18 06:46:47.557278'),(89,'1','2023-10-18','1','3','607','n/a','n/a','2023-10-18 06:47:28.756881'),(90,'1','2023-10-18','1','3','607','n/a','n/a','2023-10-18 06:48:21.669695'),(91,'1','2023-10-18','1','3','607','n/a','n/a','2023-10-18 06:49:51.475358'),(92,'1','2023-10-18','1','3','607','n/a','n/a','2023-10-18 06:50:14.071596'),(93,'1','2023-10-18','1','3','607','n/a','n/a','2023-10-18 07:09:23.632958'),(94,'1','2023-10-18','1','3','607','n/a','n/a','2023-10-18 07:09:56.064096'),(95,'1','2023-10-18','1','3','607','n/a','n/a','2023-10-18 07:10:55.773130');
/*!40000 ALTER TABLE `medapp_medsession` ENABLE KEYS */;
UNLOCK TABLES;

--
-- Table structure for table `medapp_medsessionperson`
--

DROP TABLE IF EXISTS `medapp_medsessionperson`;
/*!40101 SET @saved_cs_client     = @@character_set_client */;
/*!50503 SET character_set_client = utf8mb4 */;
CREATE TABLE `medapp_medsessionperson` (
  `id` bigint NOT NULL AUTO_INCREMENT,
  `box` longtext,
  `confidence` double DEFAULT NULL,
  `image_path` longtext,
  `resnet50_label` varchar(200) DEFAULT NULL,
  `resnet50_confidence` double DEFAULT NULL,
  `senet50_label` varchar(200) DEFAULT NULL,
  `senet50_confidence` double DEFAULT NULL,
  `vgg16_label` varchar(200) DEFAULT NULL,
  `vgg16_confidence` double DEFAULT NULL,
  `elected_label` varchar(200) NOT NULL,
  `medsession_id` int NOT NULL,
  `image_url` varchar(200) DEFAULT NULL,
  `corrected_label` varchar(200) DEFAULT NULL,
  `added_by` varchar(1) NOT NULL,
  PRIMARY KEY (`id`),
  KEY `medapp_medsessionper_medsession_id_1142d631_fk_medapp_me` (`medsession_id`),
  CONSTRAINT `medapp_medsessionper_medsession_id_1142d631_fk_medapp_me` FOREIGN KEY (`medsession_id`) REFERENCES `medapp_medsession` (`sessionid`)
) ENGINE=InnoDB AUTO_INCREMENT=38 DEFAULT CHARSET=utf8mb4 COLLATE=utf8mb4_0900_ai_ci;
/*!40101 SET character_set_client = @saved_cs_client */;

--
-- Dumping data for table `medapp_medsessionperson`
--

LOCK TABLES `medapp_medsessionperson` WRITE;
/*!40000 ALTER TABLE `medapp_medsessionperson` DISABLE KEYS */;
INSERT INTO `medapp_medsessionperson` VALUES (1,'[3172, 2155, 284, 332]',0.9999945163726807,'WhatsApp_Image_2023-10-15_at_12.45.28_PM_KSnedVn.jpeg','211002967_Solan Amgad',1,'211002967_Solan Amgad',0.9999754428863525,'211002967_Solan Amgad',1,'211002967_Solan Amgad',86,'/media/temp/tmpjokvantj.jpg','','0'),(2,'[326, 1665, 195, 235]',0.9999593496322632,'WhatsApp_Image_2023-10-15_at_12.45.28_PM_KSnedVn.jpeg','211008759_Sief Atta',0.9999867677688599,'211000767_Mahmoud Attian',0.9971170425415039,'211008759_Sief Atta',0.5139991044998169,'211008759_Sief Atta',86,'/media/temp/tmp32mh1qqa.jpg','','0'),(3,'[3372, 1794, 222, 268]',0.9999402761459351,'WhatsApp_Image_2023-10-15_at_12.45.28_PM_KSnedVn.jpeg','211002721_Bassmala El Hashimy',0.9999991655349731,'211002721_Bassmala El Hashimy',0.9997629523277283,'211002721_Bassmala El Hashimy',0.9999982118606567,'211002721_Bassmala El Hashimy',86,'/media/temp/tmpuvybetwp.jpg','','0'),(4,'[590, 1475, 102, 129]',0.9999333620071411,'WhatsApp_Image_2023-10-15_at_12.45.28_PM_KSnedVn.jpeg','211011119_Khalid Essam',0.9861482381820679,'211011119_Khalid Essam',0.9999414682388306,'211011119_Khalid Essam',1,'211011119_Khalid Essam',86,'/media/temp/tmpo3u1g047.jpg','','0'),(5,'[1856, 1477, 107, 135]',0.9998103976249695,'WhatsApp_Image_2023-10-15_at_12.45.28_PM_KSnedVn.jpeg','211008694_Sarah Harmoush',0.999576985836029,'211008694_Sarah Harmoush',0.40660974383354187,'211008694_Sarah Harmoush',1,'211008694_Sarah Harmoush',86,'/media/temp/tmpznj1ah4y.jpg','','0'),(6,'[2678, 1486, 101, 123]',0.9998089671134949,'WhatsApp_Image_2023-10-15_at_12.45.28_PM_KSnedVn.jpeg','212001131_Ahmed El ashry',0.9999880790710449,'212001131_Ahmed El ashry',0.9989820122718811,'212001131_Ahmed El ashry',0.9999997615814209,'212001131_Ahmed El ashry',86,'/media/temp/tmpx6cp0pm_.jpg','','0'),(7,'[1390, 1672, 158, 200]',0.9988320469856262,'WhatsApp_Image_2023-10-15_at_12.45.28_PM_KSnedVn.jpeg','211010040_Zainab Ibrahim',1,'211010040_Zainab Ibrahim',1,'211010040_Zainab Ibrahim',1,'211010040_Zainab Ibrahim',86,'/media/temp/tmp1ujv8oia.jpg','','0'),(8,'[2046, 2225, 314, 401]',0.9965904951095581,'WhatsApp_Image_2023-10-15_at_12.45.28_PM_KSnedVn.jpeg','211000547_Merna Khalid',1,'211000547_Merna Khalid',1,'211000547_Merna Khalid',1,'211000547_Merna Khalid',86,'/media/temp/tmprjov6oll.jpg','','0'),(9,'[2040, 1657, 124, 155]',0.9964579939842224,'WhatsApp_Image_2023-10-15_at_12.45.28_PM_KSnedVn.jpeg','211003548_Janna Younis',0.9997438788414001,'211003548_Janna Younis',0.9999880790710449,'211010811_Heba Elsayem',0.9999985694885254,'211003548_Janna Younis',86,'/media/temp/tmp8meytyfp.jpg','','0'),(10,'[2266, 1489, 178, 240]',0.9999638795852661,'WhatsApp_Image_2023-10-15_at_12.45.27_PM.jpeg','211008088_Rana Yasser',0.9999995231628418,'211008088_Rana Yasser',0.9999946355819702,'211008088_Rana Yasser',1,'211008088_Rana Yasser',95,'/media/temp/tmp_ct4t39w.jpg','','0'),(11,'[3099, 1067, 96, 122]',0.9999473094940186,'WhatsApp_Image_2023-10-15_at_12.45.27_PM.jpeg','211012090_Magda Mohamed',0.586499035358429,'212001377_Mohamed Hatem',0.8931637406349182,'211000649_Nourhan Zanaty',0.8380669951438904,'212001377_Mohamed Hatem',95,'/media/temp/tmp9dr0fpa7.jpg','','0'),(12,'[238, 1154, 157, 195]',0.9998995065689087,'WhatsApp_Image_2023-10-15_at_12.45.27_PM.jpeg','211011222_Omar El Dakkak',0.9999996423721313,'211011222_Omar El Dakkak',1,'211011222_Omar El Dakkak',1,'211011222_Omar El Dakkak',95,'/media/temp/tmpc3x42d0n.jpg','','0'),(13,'[3500, 1893, 327, 434]',0.9998866319656372,'WhatsApp_Image_2023-10-15_at_12.45.27_PM.jpeg','211010129_Mennah Mostafa',0.9999912977218628,'211010129_Mennah Mostafa',0.9999998807907104,'211010129_Mennah Mostafa',1,'211010129_Mennah Mostafa',95,'/media/temp/tmpa7ngyn2n.jpg','','0'),(14,'[1927, 1519, 223, 290]',0.9998854398727417,'WhatsApp_Image_2023-10-15_at_12.45.27_PM.jpeg','211011260_Janah Shady',0.7294151782989502,'211000007_Maryam Tamer',0.6940754055976868,'211011260_Janah Shady',1,'211011260_Janah Shady',95,'/media/temp/tmptyglti63.jpg','','0'),(15,'[1898, 1072, 110, 125]',0.9998687505722046,'WhatsApp_Image_2023-10-15_at_12.45.27_PM.jpeg','211010731_Nouran Khaled',0.8947453498840332,'211010731_Nouran Khaled',0.9999996423721313,'211010731_Nouran Khaled',1,'211010731_Nouran Khaled',95,'/media/temp/tmpctyhhvtf.jpg','','0'),(16,'[1192, 1312, 127, 164]',0.9997664093971252,'WhatsApp_Image_2023-10-15_at_12.45.27_PM.jpeg','211010703_Omnia Shaaban',0.6525158286094666,'211000858_Nermine Essam',0.9084823727607727,'211010773_Ashrakat Hussien',0.6327084302902222,'211000858_Nermine Essam',95,'/media/temp/tmp1c86mgs6.jpg','','0'),(17,'[1022, 983, 86, 105]',0.9997345805168152,'WhatsApp_Image_2023-10-15_at_12.45.27_PM.jpeg','211002523_Moaz Abdel Raouf',0.9997935891151428,'211002523_Moaz Abdel Raouf',1,'211011035_Abdelrahman Seddik',0.9999550580978394,'211002523_Moaz Abdel Raouf',95,'/media/temp/tmpdqyadu9a.jpg','','0'),(18,'[579, 1037, 98, 111]',0.9995191097259521,'WhatsApp_Image_2023-10-15_at_12.45.27_PM.jpeg','211000778_Abdel Rahman Wael',0.41729700565338135,'211011145_Abdel Rahman Saniour',0.9964878559112549,'211001676_Kerolous Youssef',0.9878530502319336,'211011145_Abdel Rahman Saniour',95,'/media/temp/tmp59ekkshn.jpg','221003615_Abdallah ElShalkany','1'),(19,'[1458, 1042, 95, 116]',0.9994990825653076,'WhatsApp_Image_2023-10-15_at_12.45.27_PM.jpeg','211008839_Mostafa Serah',0.9979133009910583,'211008839_Mostafa Serah',0.9972078204154968,'211008839_Mostafa Serah',1,'211008839_Mostafa Serah',95,'/media/temp/tmpk3pnjpqk.jpg','','0'),(20,'[1575, 1082, 120, 154]',0.9994192123413086,'WhatsApp_Image_2023-10-15_at_12.45.27_PM.jpeg','211011044_Bassem Nader',1,'211011044_Bassem Nader',1,'211011044_Bassem Nader',1,'211011044_Bassem Nader',95,'/media/temp/tmp50z_ctxy.jpg','211010638_Mohamed Nazieh','1'),(21,'[3276, 1163, 176, 216]',0.9991769194602966,'WhatsApp_Image_2023-10-15_at_12.45.27_PM.jpeg','211000408_Mohamed Saleh',0.7246755957603455,'211002997_Ahmed Attiah',0.9815739989280701,'211002997_Ahmed Attiah',0.9976068735122681,'211002997_Ahmed Attiah',95,'/media/temp/tmpevq5vbs5.jpg','','0'),(22,'[1977, 1495, 71, 88]',0.9999929666519165,'WhatsApp_Image_2023-10-15_at_12.45.29_PM.jpeg','211003023_Jannah Walid',0.9991607666015625,'211003023_Jannah Walid',1,'211003023_Jannah Walid',1,'211003023_Jannah Walid',95,'/media/temp/tmpkxrri6br.jpg','','0'),(23,'[3005, 1530, 85, 106]',0.9999556541442871,'WhatsApp_Image_2023-10-15_at_12.45.29_PM.jpeg','231001961_Amr Hablas',0.9999998807907104,'231001961_Amr Hablas',1,'211003775_Ammar Yasser',1,'231001961_Amr Hablas',95,'/media/temp/tmp_1ipa8kx.jpg','','0'),(24,'[1418, 1376, 58, 78]',0.9998998641967773,'WhatsApp_Image_2023-10-15_at_12.45.29_PM.jpeg','211000104_Menna Elswefy',0.9974598288536072,'211000104_Menna Elswefy',0.5937631130218506,'211000104_Menna Elswefy',1,'211000104_Menna Elswefy',95,'/media/temp/tmpj151je_k.jpg','','0'),(25,'[2121, 1341, 71, 81]',0.9998676776885986,'WhatsApp_Image_2023-10-15_at_12.45.29_PM.jpeg','211001676_Kerolous Youssef',0.9999998807907104,'211001676_Kerolous Youssef',1,'211001676_Kerolous Youssef',1,'211001676_Kerolous Youssef',95,'/media/temp/tmpwk_wwtu8.jpg','','0'),(26,'[2616, 1439, 59, 76]',0.9998148083686829,'WhatsApp_Image_2023-10-15_at_12.45.29_PM.jpeg','211008767_Merna Nasser',0.9725748896598816,'211008767_Merna Nasser',0.9999474287033081,'211000104_Menna Elswefy',0.7627650499343872,'211008767_Merna Nasser',95,'/media/temp/tmpxrzri8iv.jpg','','0'),(27,'[1472, 1497, 84, 107]',0.9997395873069763,'WhatsApp_Image_2023-10-15_at_12.45.29_PM.jpeg','211001707_Karim Hashim',0.9993013143539429,'211001707_Karim Hashim',0.600460946559906,'211000104_Menna Elswefy',1,'211001707_Karim Hashim',95,'/media/temp/tmp1a8mnart.jpg','','0'),(28,'[2739, 1406, 63, 78]',0.9997223019599915,'WhatsApp_Image_2023-10-15_at_12.45.29_PM.jpeg','211011070_Jana Ossama',0.9997692704200745,'211011070_Jana Ossama',0.9996302127838135,'211000104_Menna Elswefy',1,'211011070_Jana Ossama',95,'/media/temp/tmp064n8_9d.jpg','','0'),(29,'[1841, 1717, 92, 116]',0.9995346069335938,'WhatsApp_Image_2023-10-15_at_12.45.29_PM.jpeg','211001927_Hanin Zahran',0.9983776807785034,'211000547_Merna Khalid',1,'211001927_Hanin Zahran',1,'211001927_Hanin Zahran',95,'/media/temp/tmpg6n5t90m.jpg','','0'),(30,'[2937, 1393, 59, 73]',0.9993698000907898,'WhatsApp_Image_2023-10-15_at_12.45.29_PM.jpeg','211010703_Omnia Shaaban',1,'211010703_Omnia Shaaban',0.9722948670387268,'211010703_Omnia Shaaban',1,'211010703_Omnia Shaaban',95,'/media/temp/tmp93z6ye1n.jpg','','0'),(31,'[2022, 1345, 62, 81]',0.9993065595626831,'WhatsApp_Image_2023-10-15_at_12.45.29_PM.jpeg','211010944_Kirollos William',1,'211010944_Kirollos William',1,'211010944_Kirollos William',1,'211010944_Kirollos William',95,'/media/temp/tmpjaju5q3f.jpg','','0'),(32,'[2322, 1513, 62, 79]',0.999269425868988,'WhatsApp_Image_2023-10-15_at_12.45.29_PM.jpeg','211000053_Rahaf Ibrahim',0.9998340606689453,'211000053_Rahaf Ibrahim',0.5536465644836426,'211011261_Lougin Shady',0.4052840769290924,'211000053_Rahaf Ibrahim',95,'/media/temp/tmpg8d093z6.jpg','','0'),(33,'[1155, 1282, 60, 73]',0.9992689490318298,'WhatsApp_Image_2023-10-15_at_12.45.29_PM.jpeg','211002432_Youssef Sherif',1,'211002432_Youssef Sherif',1,'20100297_Ahmed Yasser',0.9939711689949036,'211002432_Youssef Sherif',95,'/media/temp/tmpss31lsjr.jpg','','0'),(34,'[3101, 1406, 55, 75]',0.9991082549095154,'WhatsApp_Image_2023-10-15_at_12.45.29_PM.jpeg','211000712_Mazin Bahnasy',0.7298607230186462,'211011237_Reeman Elsayed',0.843457818031311,'211000408_Mohamed Saleh',0.9995682835578918,'211000408_Mohamed Saleh',95,'/media/temp/tmpkjaa5vzc.jpg','','0'),(35,'[1119, 1385, 69, 88]',0.9974925518035889,'WhatsApp_Image_2023-10-15_at_12.45.29_PM.jpeg','211001669_Mina Louise',0.9999855756759644,'211001669_Mina Louise',1,'211001669_Mina Louise',1,'211001669_Mina Louise',95,'/media/temp/tmp6kc1nkqt.jpg','','0'),(36,NULL,NULL,NULL,NULL,NULL,NULL,NULL,NULL,NULL,'',95,'/media/temp/tmpdok3wf1n.jpg','211010869_Abd ElMasih Sabry','1'),(37,NULL,NULL,NULL,NULL,NULL,NULL,NULL,NULL,NULL,'',95,'/media/temp/tmpabh3w_1r.jpg','211002984_Abdallah Emad','1');
/*!40000 ALTER TABLE `medapp_medsessionperson` ENABLE KEYS */;
UNLOCK TABLES;

--
-- Table structure for table `medapp_person`
--

DROP TABLE IF EXISTS `medapp_person`;
/*!40101 SET @saved_cs_client     = @@character_set_client */;
/*!50503 SET character_set_client = utf8mb4 */;
CREATE TABLE `medapp_person` (
  `id` int NOT NULL AUTO_INCREMENT,
  `regno` varchar(15) NOT NULL,
  `fullname` varchar(450) NOT NULL,
  `year` varchar(1) NOT NULL,
  `modifytime` datetime(6) NOT NULL,
  `group` varchar(2) NOT NULL,
  `label` varchar(100) NOT NULL,
  `year_b` varchar(20) NOT NULL,
  `arname` varchar(450) NOT NULL,
  PRIMARY KEY (`id`),
  UNIQUE KEY `regno` (`regno`)
) ENGINE=InnoDB AUTO_INCREMENT=170 DEFAULT CHARSET=utf8mb4 COLLATE=utf8mb4_0900_ai_ci;
/*!40101 SET character_set_client = @saved_cs_client */;

--
-- Dumping data for table `medapp_person`
--

LOCK TABLES `medapp_person` WRITE;
/*!40000 ALTER TABLE `medapp_person` DISABLE KEYS */;
INSERT INTO `medapp_person` VALUES (1,'20100297','Ahmed Yasser','3','2023-10-18 10:27:15.114745','3','20100297_Ahmed Yasser','22-26','    '),(2,'211000007','Maryam Tamer','3','2023-10-18 10:27:15.203610','1','211000007_Maryam Tamer','22-26','   '),(3,'211000053','Rahaf Ibrahim','3','2023-10-18 10:27:15.241268','12','211000053_Rahaf Ibrahim','22-26','    '),(4,'211000072','Ahmed Agawany','3','2023-10-18 10:27:15.282948','10','211000072_Ahmed Agawany','22-26','     '),(5,'211000099','Hajer Barakat','3','2023-10-18 10:27:15.334247','10','211000099_Hajer Barakat','22-26','   '),(6,'211000104','Menna Elswefy','3','2023-10-18 10:27:15.501286','9','211000104_Menna Elswefy','22-26','     '),(7,'211000124','Retan Hazim','3','2023-10-18 10:27:15.551228','5','211000124_Retan Hazim','22-26','   '),(8,'211000137','Marwan Elkordy','3','2023-10-18 10:27:15.600431','9','211000137_Marwan Elkordy','22-26','   '),(9,'211000151','Bassant Gamal Eldin','3','2023-10-18 10:27:15.634114','7','211000151_Bassant Gamal Eldin','22-26','     '),(10,'211000157','Menna Shamsiya','3','2023-10-18 10:27:15.650826','15','211000157_Menna Shamsiya','22-26','     '),(11,'211000266','Aya Hisham','3','2023-10-18 10:27:15.667534','15','211000266_Aya Hisham','22-26','    '),(12,'211000278','Belal Hany','3','2023-10-18 10:27:15.701227','13','211000278_Belal Hany','22-26','      '),(13,'211000280','Rown Adil','3','2023-10-18 10:27:15.717043','14','211000280_Rown Adil','22-26','    '),(14,'211000370','Saif Zaky','3','2023-10-18 10:27:15.766875','2','211000370_Saif Zaky','22-26','   '),(15,'211000378','Reem Hafez','3','2023-10-18 10:27:15.817079','8','211000378_Reem Hafez','22-26','   '),(16,'211000406','Rana Badr','3','2023-10-18 10:27:15.834441','5','211000406_Rana Badr','22-26','    '),(17,'211000408','Mohamed Saleh','3','2023-10-18 10:27:15.884421','7','211000408_Mohamed Saleh','22-26','   '),(18,'211000422','Hana Elserafy','3','2023-10-19 09:36:16.447973','4','211000422_Hana Elserafy','22-26','    '),(19,'211000531','Haneen Mesbah','3','2023-10-18 10:27:15.951311','13','211000531_Haneen Mesbah','22-26','   '),(20,'211000535','Hanaa Islam','3','2023-10-18 10:27:15.999846','13','211000535_Hanaa Islam','22-26','   '),(21,'211000539','Logyn Attify','3','2023-10-18 10:27:16.028929','11','211000539_Logyn Attify','22-26','    '),(22,'211000547','Merna Khalid','3','2023-10-18 10:27:16.051009','1','211000547_Merna Khalid','22-26','    '),(23,'211000548','Hazim Mostafa','3','2023-10-18 10:27:16.270979','12','211000548_Hazim Mostafa','22-26','    '),(24,'211000551','Farah Alian','3','2023-10-18 10:27:16.333748','6','211000551_Farah Alian','22-26','    '),(25,'211000559','Alaa Harraz','3','2023-10-18 10:27:16.396290','14','211000559_Alaa Harraz','22-26','     '),(26,'211000593','Menna Refaat','3','2023-10-18 10:27:16.531674','11','211000593_Menna Refaat','22-26','    '),(27,'211000649','Nourhan Zanaty','3','2023-10-18 10:27:16.615813','11','211000649_Nourhan Zanaty','22-26','     '),(28,'211000712','Mazin Bahnasy','3','2023-10-18 10:27:16.757307','10','211000712_Mazin Bahnasy','22-26','    '),(29,'211000718','Fredy Emad','3','2023-10-18 10:27:16.882829','9','211000718_Fredy Emad','22-26','   '),(30,'211000720','Ponsieh Samer','3','2023-10-18 10:27:16.961325','15','211000720_Ponsieh Samer','22-26','     '),(31,'211000767','Mahmoud Attian','3','2023-10-18 10:27:16.992740','11','211000767_Mahmoud Attian','22-26','   '),(32,'211000768','Renad Ashraf','3','2023-10-18 10:27:17.024122','2','211000768_Renad Ashraf','22-26','    '),(33,'211000778','Abdel Rahman Wael','3','2023-10-18 10:27:17.040158','15','211000778_Abdel Rahman Wael','22-26','    '),(34,'211000784','Mohamed Ossama','3','2023-10-18 10:27:17.056007','13','211000784_Mohamed Ossama','22-26','    '),(35,'211000795','Omar Amin','3','2023-10-18 10:27:17.071420','2','211000795_Omar Amin','22-26','   '),(36,'211000798','Fliopater Gadallah','3','2023-10-18 10:27:17.102670','14','211000798_Fliopater Gadallah','22-26','    '),(37,'211000800','Karim Elsamadisy','3','2023-10-18 10:27:17.134310','12','211000800_Karim Elsamadisy','22-26','   '),(38,'211000809','Maryam Elsayed','3','2023-10-18 10:27:17.149944','11','211000809_Maryam Elsayed','22-26','    '),(39,'211000858','Nermine Essam','3','2023-10-18 10:27:17.181194','3','211000858_Nermine Essam','22-26','    '),(40,'211000864','Hazem Elsayed','3','2023-10-18 10:27:17.196820','4','211000864_Hazem Elsayed','22-26','   '),(41,'211000869','Walid Bahlol','3','2023-10-18 10:27:17.244080','9','211000869_Walid Bahlol','22-26','   '),(42,'211000898','Maryam Sabry','3','2023-10-18 10:27:17.275337','1','211000898_Maryam Sabry','22-26','     '),(43,'211000977','Mohamed Younis','3','2023-10-18 10:27:17.290963','3','211000977_Mohamed Younis','22-26','    '),(44,'211001167','Mostafa Ashraf','3','2023-10-18 10:27:17.333255','8','211001167_Mostafa Ashraf','22-26','   '),(45,'211001178','Mohamed Elgazar','3','2023-10-18 10:27:17.338262','7','211001178_Mohamed Elgazar','22-26','   '),(46,'211001436','Ahmed Hassan','3','2023-10-18 10:27:17.353895','6','211001436_Ahmed Hassan','22-26','   '),(47,'211001452','Heba Ehab','3','2023-10-18 10:27:17.400770','4','211001452_Heba Ehab','22-26','    '),(48,'211001492','Tya Yasser','3','2023-10-18 10:27:17.433525','4','211001492_Tya Yasser','22-26','    '),(49,'211001669','Mina Louise','3','2023-10-18 10:27:17.448031','14','211001669_Mina Louise','22-26','    '),(50,'211001676','Kerolous Youssef','3','2023-10-18 10:27:17.479289','15','211001676_Kerolous Youssef','22-26','   '),(51,'211001707','Karim Hashim','3','2023-10-18 10:27:17.510571','10','211001707_Karim Hashim','22-26','   '),(52,'211001708','Hana Hesham','3','2023-10-18 10:27:17.554765','1','211001708_Hana Hesham','22-26','    '),(53,'211001914','Arwah Ahmed','3','2023-10-18 10:27:17.571260','4','211001914_Arwah Ahmed','22-26','    '),(54,'211001921','Maya Abdo','3','2023-10-18 10:27:17.586935','13','211001921_Maya Abdo','22-26','   '),(55,'211001927','Hanin Zahran','3','2023-10-18 10:27:17.633696','16','211001927_Hanin Zahran','22-26','    '),(56,'211002119','Nada Ashoush','3','2023-10-18 10:27:17.649376','8','211002119_Nada Ashoush','22-26','     '),(57,'211002262','Yousef Imam','3','2023-10-18 10:27:17.680624','11','211002262_Yousef Imam','22-26','    '),(58,'211002299','Zayneb Soliman','3','2023-10-18 10:27:17.711875','3','211002299_Zayneb Soliman','22-26','    '),(59,'211002333','Jasmin Hassan','3','2023-10-18 10:27:17.774876','7','211002333_Jasmin Hassan','22-26','    '),(60,'211002432','Youssef Sherif','3','2023-10-18 10:27:17.821925','16','211002432_Youssef Sherif','22-26','    '),(61,'211002523','Moaz Abdel Raouf','3','2023-10-18 10:27:17.854030','4','211002523_Moaz Abdel Raouf','22-26','    '),(62,'211002588','Ahmed Abdel Moez','3','2023-10-18 10:27:17.869625','12','211002588_Ahmed Abdel Moez','22-26','     '),(63,'211002591','Aliaa Hablas','3','2023-10-18 10:27:17.900694','1','211002591_Aliaa Hablas','22-26','   '),(64,'211002656','Nabil Oraby','3','2023-10-18 10:27:17.933953','2','211002656_Nabil Oraby','22-26','   '),(65,'211002669','Ranah Elsayed','3','2023-10-18 10:27:17.947964','1','211002669_Ranah Elsayed','22-26','   '),(66,'211002693','Alaa Hassan','3','2023-10-18 10:27:17.979492','6','211002693_Alaa Hassan','22-26','    '),(67,'211002699','Karim Shaalan','3','2023-10-18 10:27:18.010488','8','211002699_Karim Shaalan','22-26','     '),(68,'211002717','Heba Hammam','3','2023-10-18 10:27:18.089347','9','211002717_Heba Hammam','22-26','    '),(69,'211002721','Bassmala El Hashimy','3','2023-10-18 10:27:18.199385','3','211002721_Bassmala El Hashimy','22-26','   '),(70,'211002785','Amal Arafa','3','2023-10-18 10:27:18.215009','7','211002785_Amal Arafa','22-26','   '),(71,'211002789','Lama Galal','3','2023-10-18 10:27:18.262435','12','211002789_Lama Galal','22-26','   '),(72,'211002967','Solan Amgad','3','2023-10-18 10:27:18.324941','5','211002967_Solan Amgad','22-26','   '),(73,'211002984','Abdallah Emad','3','2023-10-18 10:27:18.341230','13','211002984_Abdallah Emad','22-26','   '),(74,'211002997','Ahmed Attiah','3','2023-10-18 10:27:18.403967','16','211002997_Ahmed Attiah','22-26','     '),(75,'211003011','Menna Sabry','3','2023-10-18 10:27:18.419560','6','211003011_Menna Sabry','22-26','     '),(76,'211003023','Jannah Walid','3','2023-10-18 10:27:18.435733','13','211003023_Jannah Walid','22-26','    '),(77,'211003042','Mahmoud Ossama','3','2023-10-18 10:27:18.451372','16','211003042_Mahmoud Ossama','22-26','    '),(78,'211003094','Asser Mahmoud','3','2023-10-18 10:27:18.467263','11','211003094_Asser Mahmoud','22-26','   '),(79,'211003183','Donia Mohamed','3','2023-10-18 10:27:18.482888','3','211003183_Donia Mohamed','22-26','   '),(80,'211003211','Youssef Tantawy','3','2023-10-18 10:27:18.498438','4','211003211_Youssef Tantawy','22-26','   '),(81,'211003252','Sherif Ashraf','3','2023-10-18 10:27:18.514139','8','211003252_Sherif Ashraf','22-26','    '),(82,'211003335','Abdallah Saied','3','2023-10-18 10:27:18.534565','6','211003335_Abdallah Saied','22-26','   '),(83,'211003336','Sherihan Hassan','3','2023-10-18 10:27:18.577265','5','211003336_Sherihan Hassan','22-26','     '),(84,'211003418','Ehab Saber','3','2023-10-18 10:27:18.608514','8','211003418_Ehab Saber','22-26','   '),(85,'211003470','Safa Alaa','3','2023-10-18 10:27:18.624141','16','211003470_Safa Alaa','22-26','   '),(86,'211003497','Abdel Rahman Hegazy','3','2023-10-18 10:27:18.640430','12','211003497_Abdel Rahman Hegazy','22-26','     '),(87,'211003523','Ahmed Khamis','3','2023-10-18 10:27:18.656333','11','211003523_Ahmed Khamis','22-26','   '),(88,'211003548','Janna Younis','3','2023-10-18 10:27:18.671960','6','211003548_Janna Younis','22-26','   '),(89,'211003626','Abdallah Salman','3','2023-10-18 10:27:18.687542','3','211003626_Abdallah Salman','22-26','   '),(90,'211003629','Sama Yasser','3','2023-10-18 10:27:18.703129','1','211003629_Sama Yasser','22-26','   '),(91,'211003630','Yassmin Kandil','3','2023-10-18 10:27:18.718606','8','211003630_Yassmin Kandil','22-26','   '),(92,'211003660','Habiba Mohamed','3','2023-10-18 10:27:18.782268','16','211003660_Habiba Mohamed','22-26','      '),(93,'211003661','Jessica Mashally','3','2023-10-18 10:27:18.813517','7','211003661_Jessica Mashally','22-26','   '),(94,'211003707','Abdellatif Ahmed','3','2023-10-18 10:27:18.835167','4','211003707_Abdellatif Ahmed','22-26','    '),(95,'211003737','Manar Shahin','3','2023-10-18 10:27:18.845181','12','211003737_Manar Shahin','22-26','   '),(96,'211003745','Ahmed Medhat','3','2023-10-18 10:27:18.861079','10','211003745_Ahmed Medhat','22-26','     '),(97,'211003760','Sarah El Kerdawi','3','2023-10-18 10:27:18.876706','2','211003760_Sarah El Kerdawi','22-26','   '),(98,'211003768','Wesal Diyaa','3','2023-10-18 10:27:18.892112','13','211003768_Wesal Diyaa','22-26','   '),(99,'211003775','Ammar Yasser','3','2023-10-18 10:27:18.907958','7','211003775_Ammar Yasser','22-26','     '),(100,'211003889','Mahmoud Yehia','3','2023-10-18 10:27:18.923535','1','211003889_Mahmoud Yehia','22-26','   '),(101,'211007008','Youssef Ettman','3','2023-10-18 10:27:18.939784','2','211007008_Youssef Ettman','22-26','    '),(102,'211008086','Nour Mohsen','3','2023-10-18 10:27:18.955422','16','211008086_Nour Mohsen','22-26','    '),(103,'211008088','Rana Yasser','3','2023-10-18 10:27:18.986712','2','211008088_Rana Yasser','22-26','    '),(104,'211008096','Omar Ossama','3','2023-10-18 10:27:18.986712','15','211008096_Omar Ossama','22-26','   '),(105,'211008694','Sarah Harmoush','3','2023-10-18 10:27:19.018197','5','211008694_Sarah Harmoush','22-26','   '),(106,'211008759','Sief Atta','3','2023-10-18 10:27:19.033814','3','211008759_Sief Atta','22-26','      '),(107,'211008767','Merna Nasser','3','2023-10-18 10:27:19.066043','11','211008767_Merna Nasser','22-26','     '),(108,'211008839','Mostafa Serah','3','2023-10-18 10:27:19.097294','5','211008839_Mostafa Serah','22-26','   '),(109,'211008843','John Nabil','3','2023-10-18 10:27:19.112921','5','211008843_John Nabil','22-26','   '),(110,'211008964','Ahmed Elfeel','3','2023-10-18 10:27:19.128545','12','211008964_Ahmed Elfeel','22-26','     '),(111,'211009356','Mostafa Abdel Halim','3','2023-10-18 10:27:19.191982','6','211009356_Mostafa Abdel Halim','22-26','     '),(112,'211010040','Zainab Ibrahim','3','2023-10-18 10:27:19.239522','3','211010040_Zainab Ibrahim','22-26','     '),(113,'211010102','Fatma Elzahraa Emad','3','2023-10-18 10:27:19.255320','10','211010102_Fatma Elzahraa Emad','22-26','    '),(114,'211010129','Mennah Mostafa','3','2023-10-18 10:27:19.286445','4','211010129_Mennah Mostafa','22-26','    '),(115,'211010161','Salah Koriem','3','2023-10-18 10:27:19.333560','9','211010161_Salah Koriem','22-26','   '),(116,'211010329','Antony Mamdouh','3','2023-10-18 10:27:19.349854','9','211010329_Antony Mamdouh','22-26','    '),(117,'211010358','Arwah Saleh','3','2023-10-18 10:27:19.365758','1','211010358_Arwah Saleh','22-26','     '),(118,'211010553','karim Mohsen','3','2023-10-18 10:27:19.381391','7','211010553_karim Mohsen','22-26','    '),(119,'211010638','Mohamed Nazieh','3','2023-10-18 10:27:19.412639','7','211010638_Mohamed Nazieh','22-26','    '),(120,'211010703','Omnia Shaaban','3','2023-10-18 10:27:19.444233','10','211010703_Omnia Shaaban','22-26','   '),(121,'211010731','Nouran Khaled','3','2023-10-18 10:27:19.459906','8','211010731_Nouran Khaled','22-26','   '),(122,'211010750','Faris Rabie','3','2023-10-18 10:27:19.475768','12','211010750_Faris Rabie','22-26','  '),(123,'211010753','Yassin Kafrawy','3','2023-10-18 10:27:19.507020','14','211010753_Yassin Kafrawy','22-26','    '),(124,'211010755','Arsany Fawzy','3','2023-10-18 10:27:19.554228','6','211010755_Arsany Fawzy','22-26','   '),(125,'211010773','Ashrakat Hussien','3','2023-10-18 10:27:19.585442','9','211010773_Ashrakat Hussien','22-26','   '),(126,'211010811','Heba Elsayem','3','2023-10-18 10:27:19.616692','13','211010811_Heba Elsayem','22-26','   '),(127,'211010842','Eyad Gamal','3','2023-10-18 10:27:19.632318','10','211010842_Eyad Gamal','22-26','     '),(128,'211010869','Abd ElMasih Sabry','3','2023-10-18 10:27:19.652908','16','211010869_Abd ElMasih Sabry','22-26','   '),(129,'211010944','Kirollos William','3','2023-10-18 10:27:19.657040','10','211010944_Kirollos William','22-26','   '),(130,'211010960','Saleh Mohamed','3','2023-10-18 10:27:19.672669','4','211010960_Saleh Mohamed','22-26','   '),(131,'211010967','Abdel Rahman El Hasafy','3','2023-10-18 10:27:19.688295','12','211010967_Abdel Rahman El Hasafy','22-26','    '),(132,'211010968','Youssef Ali','3','2023-10-18 10:27:19.719550','11','211010968_Youssef Ali','22-26','    '),(133,'211010973','Zina Fayez','3','2023-10-18 10:27:19.737214','14','211010973_Zina Fayez','22-26','   '),(134,'211011032','Abdel Rahman Farid','3','2023-10-18 10:27:19.760555','8','211011032_Abdel Rahman Farid','22-26','   '),(135,'211011035','Abdelrahman Seddik','3','2023-10-18 10:27:19.802618','5','211011035_Abdelrahman Seddik','22-26','   '),(136,'211011044','Bassem Nader','3','2023-10-18 10:27:19.808399','6','211011044_Bassem Nader','22-26','   '),(137,'211011070','Jana Ossama','3','2023-10-18 10:27:19.835916','15','211011070_Jana Ossama','22-26','     '),(138,'211011097','Maryam Shaltout','3','2023-10-18 10:27:19.838996','5','211011097_Maryam Shaltout','22-26','    '),(139,'211011119','Khalid Essam','3','2023-10-18 10:27:19.870327','5','211011119_Khalid Essam','22-26','     '),(140,'211011145','Abdel Rahman Saniour','3','2023-10-18 10:27:19.873423','6','211011145_Abdel Rahman Saniour','22-26','    '),(141,'211011152','Abdelrahman Ashour','3','2023-10-18 10:27:19.902625','14','211011152_Abdelrahman Ashour','22-26','   '),(142,'211011153','Ahmed Gabr','3','2023-10-18 10:27:19.917632','15','211011153_Ahmed Gabr','22-26','    '),(143,'211011174','Baraa Hamdy','3','2023-10-18 10:27:19.935636','9','211011174_Baraa Hamdy','22-26','   '),(144,'211011177','Bassmalah Farag','3','2023-10-18 10:27:19.951149','8','211011177_Bassmalah Farag','22-26','    '),(145,'211011222','Omar El Dakkak','3','2023-10-18 10:27:19.955149','1','211011222_Omar El Dakkak','22-26','  '),(146,'211011225','Ahmed Sherief','3','2023-10-18 10:27:20.020667','14','211011225_Ahmed Sherief','22-26','   '),(147,'211011237','Reeman Elsayed','3','2023-10-18 10:27:20.035699','9','211011237_Reeman Elsayed','22-26','   '),(148,'211011260','Janah Shady','3','2023-10-18 10:27:20.038234','2','211011260_Janah Shady','22-26','   '),(149,'211011261','Lougin Shady','3','2023-10-18 10:27:20.068920','2','211011261_Lougin Shady','22-26','   '),(150,'211011273','Shahd Roushdy','3','2023-10-18 10:27:20.083950','14','211011273_Shahd Roushdy','22-26','  '),(151,'211011276','Abdallah Hisham','3','2023-10-18 10:27:20.102714','10','211011276_Abdallah Hisham','22-26','    '),(152,'211012090','Magda Mohamed','3','2023-10-18 10:27:20.117736','4','211012090_Magda Mohamed','22-26','  '),(153,'212000100','Adham Ahmed','3','2023-10-18 10:27:20.153532','13','212000100_Adham Ahmed','22-26','   '),(154,'212001003','Abdelrahamn Barbary','3','2023-10-18 10:27:20.169159','11','212001003_Abdelrahamn Barbary','22-26','  '),(155,'212001020','Hamza Badawy','3','2023-10-18 10:27:20.184784','14','212001020_Hamza Badawy','22-26','   '),(156,'212001034','Mohamed Sabry','3','2023-10-18 10:27:20.200409','15','212001034_Mohamed Sabry','22-26','   '),(157,'212001074','Ahmed Ibrahim','3','2023-10-18 10:27:20.216035','1','212001074_Ahmed Ibrahim','22-26','     '),(158,'212001084','Assem Mohamed','3','2023-10-18 10:27:20.237695','3','212001084_Assem Mohamed','22-26','   '),(159,'212001107','Islam Alaa Eldin','3','2023-10-18 10:27:20.279021','11','212001107_Islam Alaa Eldin','22-26','   '),(160,'212001112','Maryam Hammam','3','2023-10-18 10:27:20.311108','6','212001112_Maryam Hammam','22-26','    '),(161,'212001131','Ahmed El ashry','3','2023-10-18 10:27:20.321245','8','212001131_Ahmed El ashry','22-26','   '),(162,'212001215','Sara Alaa','3','2023-10-18 10:27:20.337929','9','212001215_Sara Alaa','22-26','    '),(163,'212001217','Ibrahim Elmahdy','3','2023-10-18 10:27:20.352968','10','212001217_Ibrahim Elmahdy','22-26','   '),(164,'212001270','Lina Sameh','3','2023-10-18 10:27:20.368631','13','212001270_Lina Sameh','22-26','   '),(165,'212001278','Hamza Tawfik','3','2023-10-18 10:27:20.384257','12','212001278_Hamza Tawfik','22-26','   '),(166,'212001377','Mohamed Hatem','3','2023-10-18 10:27:20.447206','15','212001377_Mohamed Hatem','22-26','  '),(167,'212001409','Enjy Emad','3','2023-10-18 10:27:20.462868','2','212001409_Enjy Emad','22-26','   '),(168,'221003615','Abdallah ElShalkany','3','2023-10-18 10:27:20.509744','16','221003615_Abdallah ElShalkany','22-26','    '),(169,'231001961','Amr Hablas','3','2023-10-18 10:27:20.525371','16','231001961_Amr Hablas','22-26','    ');
/*!40000 ALTER TABLE `medapp_person` ENABLE KEYS */;
UNLOCK TABLES;
/*!40103 SET TIME_ZONE=@OLD_TIME_ZONE */;

/*!40101 SET SQL_MODE=@OLD_SQL_MODE */;
/*!40014 SET FOREIGN_KEY_CHECKS=@OLD_FOREIGN_KEY_CHECKS */;
/*!40014 SET UNIQUE_CHECKS=@OLD_UNIQUE_CHECKS */;
/*!40101 SET CHARACTER_SET_CLIENT=@OLD_CHARACTER_SET_CLIENT */;
/*!40101 SET CHARACTER_SET_RESULTS=@OLD_CHARACTER_SET_RESULTS */;
/*!40101 SET COLLATION_CONNECTION=@OLD_COLLATION_CONNECTION */;
/*!40111 SET SQL_NOTES=@OLD_SQL_NOTES */;

-- Dump completed on 2023-10-19 14:38:05
