CREATE DATABASE  IF NOT EXISTS `medface` /*!40100 DEFAULT CHARACTER SET utf8mb4 COLLATE utf8mb4_0900_ai_ci */ /*!80016 DEFAULT ENCRYPTION='N' */;
USE `medface`;
-- MySQL dump 10.13  Distrib 8.0.34, for Win64 (x86_64)
--
-- Host: localhost    Database: medface
-- ------------------------------------------------------
-- Server version	8.0.34

/*!40101 SET @OLD_CHARACTER_SET_CLIENT=@@CHARACTER_SET_CLIENT */;
/*!40101 SET @OLD_CHARACTER_SET_RESULTS=@@CHARACTER_SET_RESULTS */;
/*!40101 SET @OLD_COLLATION_CONNECTION=@@COLLATION_CONNECTION */;
/*!50503 SET NAMES utf8 */;
/*!40103 SET @OLD_TIME_ZONE=@@TIME_ZONE */;
/*!40103 SET TIME_ZONE='+00:00' */;
/*!40014 SET @OLD_UNIQUE_CHECKS=@@UNIQUE_CHECKS, UNIQUE_CHECKS=0 */;
/*!40014 SET @OLD_FOREIGN_KEY_CHECKS=@@FOREIGN_KEY_CHECKS, FOREIGN_KEY_CHECKS=0 */;
/*!40101 SET @OLD_SQL_MODE=@@SQL_MODE, SQL_MODE='NO_AUTO_VALUE_ON_ZERO' */;
/*!40111 SET @OLD_SQL_NOTES=@@SQL_NOTES, SQL_NOTES=0 */;

--
-- Table structure for table `auth_group`
--

DROP TABLE IF EXISTS `auth_group`;
/*!40101 SET @saved_cs_client     = @@character_set_client */;
/*!50503 SET character_set_client = utf8mb4 */;
CREATE TABLE `auth_group` (
  `id` int NOT NULL AUTO_INCREMENT,
  `name` varchar(150) NOT NULL,
  PRIMARY KEY (`id`),
  UNIQUE KEY `name` (`name`)
) ENGINE=InnoDB DEFAULT CHARSET=utf8mb4 COLLATE=utf8mb4_0900_ai_ci;
/*!40101 SET character_set_client = @saved_cs_client */;

--
-- Dumping data for table `auth_group`
--

LOCK TABLES `auth_group` WRITE;
/*!40000 ALTER TABLE `auth_group` DISABLE KEYS */;
/*!40000 ALTER TABLE `auth_group` ENABLE KEYS */;
UNLOCK TABLES;

--
-- Table structure for table `auth_group_permissions`
--

DROP TABLE IF EXISTS `auth_group_permissions`;
/*!40101 SET @saved_cs_client     = @@character_set_client */;
/*!50503 SET character_set_client = utf8mb4 */;
CREATE TABLE `auth_group_permissions` (
  `id` bigint NOT NULL AUTO_INCREMENT,
  `group_id` int NOT NULL,
  `permission_id` int NOT NULL,
  PRIMARY KEY (`id`),
  UNIQUE KEY `auth_group_permissions_group_id_permission_id_0cd325b0_uniq` (`group_id`,`permission_id`),
  KEY `auth_group_permissio_permission_id_84c5c92e_fk_auth_perm` (`permission_id`),
  CONSTRAINT `auth_group_permissio_permission_id_84c5c92e_fk_auth_perm` FOREIGN KEY (`permission_id`) REFERENCES `auth_permission` (`id`),
  CONSTRAINT `auth_group_permissions_group_id_b120cbf9_fk_auth_group_id` FOREIGN KEY (`group_id`) REFERENCES `auth_group` (`id`)
) ENGINE=InnoDB DEFAULT CHARSET=utf8mb4 COLLATE=utf8mb4_0900_ai_ci;
/*!40101 SET character_set_client = @saved_cs_client */;

--
-- Dumping data for table `auth_group_permissions`
--

LOCK TABLES `auth_group_permissions` WRITE;
/*!40000 ALTER TABLE `auth_group_permissions` DISABLE KEYS */;
/*!40000 ALTER TABLE `auth_group_permissions` ENABLE KEYS */;
UNLOCK TABLES;

--
-- Table structure for table `auth_permission`
--

DROP TABLE IF EXISTS `auth_permission`;
/*!40101 SET @saved_cs_client     = @@character_set_client */;
/*!50503 SET character_set_client = utf8mb4 */;
CREATE TABLE `auth_permission` (
  `id` int NOT NULL AUTO_INCREMENT,
  `name` varchar(255) NOT NULL,
  `content_type_id` int NOT NULL,
  `codename` varchar(100) NOT NULL,
  PRIMARY KEY (`id`),
  UNIQUE KEY `auth_permission_content_type_id_codename_01ab375a_uniq` (`content_type_id`,`codename`),
  CONSTRAINT `auth_permission_content_type_id_2f476e4b_fk_django_co` FOREIGN KEY (`content_type_id`) REFERENCES `django_content_type` (`id`)
) ENGINE=InnoDB AUTO_INCREMENT=41 DEFAULT CHARSET=utf8mb4 COLLATE=utf8mb4_0900_ai_ci;
/*!40101 SET character_set_client = @saved_cs_client */;

--
-- Dumping data for table `auth_permission`
--

LOCK TABLES `auth_permission` WRITE;
/*!40000 ALTER TABLE `auth_permission` DISABLE KEYS */;
INSERT INTO `auth_permission` VALUES (1,'Can add log entry',1,'add_logentry'),(2,'Can change log entry',1,'change_logentry'),(3,'Can delete log entry',1,'delete_logentry'),(4,'Can view log entry',1,'view_logentry'),(5,'Can add permission',2,'add_permission'),(6,'Can change permission',2,'change_permission'),(7,'Can delete permission',2,'delete_permission'),(8,'Can view permission',2,'view_permission'),(9,'Can add group',3,'add_group'),(10,'Can change group',3,'change_group'),(11,'Can delete group',3,'delete_group'),(12,'Can view group',3,'view_group'),(13,'Can add user',4,'add_user'),(14,'Can change user',4,'change_user'),(15,'Can delete user',4,'delete_user'),(16,'Can view user',4,'view_user'),(17,'Can add content type',5,'add_contenttype'),(18,'Can change content type',5,'change_contenttype'),(19,'Can delete content type',5,'delete_contenttype'),(20,'Can view content type',5,'view_contenttype'),(21,'Can add session',6,'add_session'),(22,'Can change session',6,'change_session'),(23,'Can delete session',6,'delete_session'),(24,'Can view session',6,'view_session'),(25,'Can add medsession',7,'add_medsession'),(26,'Can change medsession',7,'change_medsession'),(27,'Can delete medsession',7,'delete_medsession'),(28,'Can view medsession',7,'view_medsession'),(29,'Can add person',8,'add_person'),(30,'Can change person',8,'change_person'),(31,'Can delete person',8,'delete_person'),(32,'Can view person',8,'view_person'),(33,'Can add image',9,'add_image'),(34,'Can change image',9,'change_image'),(35,'Can delete image',9,'delete_image'),(36,'Can view image',9,'view_image'),(37,'Can add medsession person',10,'add_medsessionperson'),(38,'Can change medsession person',10,'change_medsessionperson'),(39,'Can delete medsession person',10,'delete_medsessionperson'),(40,'Can view medsession person',10,'view_medsessionperson');
/*!40000 ALTER TABLE `auth_permission` ENABLE KEYS */;
UNLOCK TABLES;

--
-- Table structure for table `auth_user`
--

DROP TABLE IF EXISTS `auth_user`;
/*!40101 SET @saved_cs_client     = @@character_set_client */;
/*!50503 SET character_set_client = utf8mb4 */;
CREATE TABLE `auth_user` (
  `id` int NOT NULL AUTO_INCREMENT,
  `password` varchar(128) NOT NULL,
  `last_login` datetime(6) DEFAULT NULL,
  `is_superuser` tinyint(1) NOT NULL,
  `username` varchar(150) NOT NULL,
  `first_name` varchar(150) NOT NULL,
  `last_name` varchar(150) NOT NULL,
  `email` varchar(254) NOT NULL,
  `is_staff` tinyint(1) NOT NULL,
  `is_active` tinyint(1) NOT NULL,
  `date_joined` datetime(6) NOT NULL,
  PRIMARY KEY (`id`),
  UNIQUE KEY `username` (`username`)
) ENGINE=InnoDB AUTO_INCREMENT=2 DEFAULT CHARSET=utf8mb4 COLLATE=utf8mb4_0900_ai_ci;
/*!40101 SET character_set_client = @saved_cs_client */;

--
-- Dumping data for table `auth_user`
--

LOCK TABLES `auth_user` WRITE;
/*!40000 ALTER TABLE `auth_user` DISABLE KEYS */;
INSERT INTO `auth_user` VALUES (1,'pbkdf2_sha256$600000$g8p0rIg33AmCjtrBQJHa9x$0KXEO7d8ixPsYPX0GpeK/aHrC00sFL4IXHFzIrHjwLk=','2023-10-21 20:17:50.888896',1,'admin','','','ahmed.se@gmail.com',1,1,'2023-10-14 08:43:45.063490');
/*!40000 ALTER TABLE `auth_user` ENABLE KEYS */;
UNLOCK TABLES;

--
-- Table structure for table `auth_user_groups`
--

DROP TABLE IF EXISTS `auth_user_groups`;
/*!40101 SET @saved_cs_client     = @@character_set_client */;
/*!50503 SET character_set_client = utf8mb4 */;
CREATE TABLE `auth_user_groups` (
  `id` bigint NOT NULL AUTO_INCREMENT,
  `user_id` int NOT NULL,
  `group_id` int NOT NULL,
  PRIMARY KEY (`id`),
  UNIQUE KEY `auth_user_groups_user_id_group_id_94350c0c_uniq` (`user_id`,`group_id`),
  KEY `auth_user_groups_group_id_97559544_fk_auth_group_id` (`group_id`),
  CONSTRAINT `auth_user_groups_group_id_97559544_fk_auth_group_id` FOREIGN KEY (`group_id`) REFERENCES `auth_group` (`id`),
  CONSTRAINT `auth_user_groups_user_id_6a12ed8b_fk_auth_user_id` FOREIGN KEY (`user_id`) REFERENCES `auth_user` (`id`)
) ENGINE=InnoDB DEFAULT CHARSET=utf8mb4 COLLATE=utf8mb4_0900_ai_ci;
/*!40101 SET character_set_client = @saved_cs_client */;

--
-- Dumping data for table `auth_user_groups`
--

LOCK TABLES `auth_user_groups` WRITE;
/*!40000 ALTER TABLE `auth_user_groups` DISABLE KEYS */;
/*!40000 ALTER TABLE `auth_user_groups` ENABLE KEYS */;
UNLOCK TABLES;

--
-- Table structure for table `auth_user_user_permissions`
--

DROP TABLE IF EXISTS `auth_user_user_permissions`;
/*!40101 SET @saved_cs_client     = @@character_set_client */;
/*!50503 SET character_set_client = utf8mb4 */;
CREATE TABLE `auth_user_user_permissions` (
  `id` bigint NOT NULL AUTO_INCREMENT,
  `user_id` int NOT NULL,
  `permission_id` int NOT NULL,
  PRIMARY KEY (`id`),
  UNIQUE KEY `auth_user_user_permissions_user_id_permission_id_14a6b632_uniq` (`user_id`,`permission_id`),
  KEY `auth_user_user_permi_permission_id_1fbb5f2c_fk_auth_perm` (`permission_id`),
  CONSTRAINT `auth_user_user_permi_permission_id_1fbb5f2c_fk_auth_perm` FOREIGN KEY (`permission_id`) REFERENCES `auth_permission` (`id`),
  CONSTRAINT `auth_user_user_permissions_user_id_a95ead1b_fk_auth_user_id` FOREIGN KEY (`user_id`) REFERENCES `auth_user` (`id`)
) ENGINE=InnoDB DEFAULT CHARSET=utf8mb4 COLLATE=utf8mb4_0900_ai_ci;
/*!40101 SET character_set_client = @saved_cs_client */;

--
-- Dumping data for table `auth_user_user_permissions`
--

LOCK TABLES `auth_user_user_permissions` WRITE;
/*!40000 ALTER TABLE `auth_user_user_permissions` DISABLE KEYS */;
/*!40000 ALTER TABLE `auth_user_user_permissions` ENABLE KEYS */;
UNLOCK TABLES;

--
-- Table structure for table `django_admin_log`
--

DROP TABLE IF EXISTS `django_admin_log`;
/*!40101 SET @saved_cs_client     = @@character_set_client */;
/*!50503 SET character_set_client = utf8mb4 */;
CREATE TABLE `django_admin_log` (
  `id` int NOT NULL AUTO_INCREMENT,
  `action_time` datetime(6) NOT NULL,
  `object_id` longtext,
  `object_repr` varchar(200) NOT NULL,
  `action_flag` smallint unsigned NOT NULL,
  `change_message` longtext NOT NULL,
  `content_type_id` int DEFAULT NULL,
  `user_id` int NOT NULL,
  PRIMARY KEY (`id`),
  KEY `django_admin_log_content_type_id_c4bce8eb_fk_django_co` (`content_type_id`),
  KEY `django_admin_log_user_id_c564eba6_fk_auth_user_id` (`user_id`),
  CONSTRAINT `django_admin_log_content_type_id_c4bce8eb_fk_django_co` FOREIGN KEY (`content_type_id`) REFERENCES `django_content_type` (`id`),
  CONSTRAINT `django_admin_log_user_id_c564eba6_fk_auth_user_id` FOREIGN KEY (`user_id`) REFERENCES `auth_user` (`id`),
  CONSTRAINT `django_admin_log_chk_1` CHECK ((`action_flag` >= 0))
) ENGINE=InnoDB DEFAULT CHARSET=utf8mb4 COLLATE=utf8mb4_0900_ai_ci;
/*!40101 SET character_set_client = @saved_cs_client */;

--
-- Dumping data for table `django_admin_log`
--

LOCK TABLES `django_admin_log` WRITE;
/*!40000 ALTER TABLE `django_admin_log` DISABLE KEYS */;
/*!40000 ALTER TABLE `django_admin_log` ENABLE KEYS */;
UNLOCK TABLES;

--
-- Table structure for table `django_content_type`
--

DROP TABLE IF EXISTS `django_content_type`;
/*!40101 SET @saved_cs_client     = @@character_set_client */;
/*!50503 SET character_set_client = utf8mb4 */;
CREATE TABLE `django_content_type` (
  `id` int NOT NULL AUTO_INCREMENT,
  `app_label` varchar(100) NOT NULL,
  `model` varchar(100) NOT NULL,
  PRIMARY KEY (`id`),
  UNIQUE KEY `django_content_type_app_label_model_76bd3d3b_uniq` (`app_label`,`model`)
) ENGINE=InnoDB AUTO_INCREMENT=11 DEFAULT CHARSET=utf8mb4 COLLATE=utf8mb4_0900_ai_ci;
/*!40101 SET character_set_client = @saved_cs_client */;

--
-- Dumping data for table `django_content_type`
--

LOCK TABLES `django_content_type` WRITE;
/*!40000 ALTER TABLE `django_content_type` DISABLE KEYS */;
INSERT INTO `django_content_type` VALUES (1,'admin','logentry'),(3,'auth','group'),(2,'auth','permission'),(4,'auth','user'),(5,'contenttypes','contenttype'),(9,'medapp','image'),(7,'medapp','medsession'),(10,'medapp','medsessionperson'),(8,'medapp','person'),(6,'sessions','session');
/*!40000 ALTER TABLE `django_content_type` ENABLE KEYS */;
UNLOCK TABLES;

--
-- Table structure for table `django_migrations`
--

DROP TABLE IF EXISTS `django_migrations`;
/*!40101 SET @saved_cs_client     = @@character_set_client */;
/*!50503 SET character_set_client = utf8mb4 */;
CREATE TABLE `django_migrations` (
  `id` bigint NOT NULL AUTO_INCREMENT,
  `app` varchar(255) NOT NULL,
  `name` varchar(255) NOT NULL,
  `applied` datetime(6) NOT NULL,
  PRIMARY KEY (`id`)
) ENGINE=InnoDB AUTO_INCREMENT=29 DEFAULT CHARSET=utf8mb4 COLLATE=utf8mb4_0900_ai_ci;
/*!40101 SET character_set_client = @saved_cs_client */;

--
-- Dumping data for table `django_migrations`
--

LOCK TABLES `django_migrations` WRITE;
/*!40000 ALTER TABLE `django_migrations` DISABLE KEYS */;
INSERT INTO `django_migrations` VALUES (1,'contenttypes','0001_initial','2023-10-14 08:39:58.127023'),(2,'auth','0001_initial','2023-10-14 08:40:00.489340'),(3,'admin','0001_initial','2023-10-14 08:40:01.058471'),(4,'admin','0002_logentry_remove_auto_add','2023-10-14 08:40:01.090225'),(5,'admin','0003_logentry_add_action_flag_choices','2023-10-14 08:40:01.105847'),(6,'contenttypes','0002_remove_content_type_name','2023-10-14 08:40:01.306148'),(7,'auth','0002_alter_permission_name_max_length','2023-10-14 08:40:01.504900'),(8,'auth','0003_alter_user_email_max_length','2023-10-14 08:40:01.671860'),(9,'auth','0004_alter_user_username_opts','2023-10-14 08:40:01.688121'),(10,'auth','0005_alter_user_last_login_null','2023-10-14 08:40:01.822097'),(11,'auth','0006_require_contenttypes_0002','2023-10-14 08:40:01.872508'),(12,'auth','0007_alter_validators_add_error_messages','2023-10-14 08:40:01.905335'),(13,'auth','0008_alter_user_username_max_length','2023-10-14 08:40:02.152671'),(14,'auth','0009_alter_user_last_name_max_length','2023-10-14 08:40:02.302216'),(15,'auth','0010_alter_group_name_max_length','2023-10-14 08:40:02.368371'),(16,'auth','0011_update_proxy_permissions','2023-10-14 08:40:02.389882'),(17,'auth','0012_alter_user_first_name_max_length','2023-10-14 08:40:02.552209'),(18,'sessions','0001_initial','2023-10-14 08:40:02.700778'),(19,'medapp','0001_initial','2023-10-14 10:39:16.363943'),(20,'medapp','0002_image','2023-10-15 11:19:07.199674'),(21,'medapp','0003_medsessionperson','2023-10-16 11:30:14.023488'),(22,'medapp','0004_medsessionperson_image_url','2023-10-17 10:48:54.725878'),(23,'medapp','0005_medsessionperson_corrected_label_and_more','2023-10-18 06:00:31.313398'),(24,'medapp','0006_person_group','2023-10-18 09:49:23.012558'),(25,'medapp','0007_person_label_person_year_b','2023-10-18 10:09:48.225879'),(26,'medapp','0008_person_arname_alter_person_year','2023-10-18 10:11:09.912810'),(27,'medapp','0009_medsessionperson_added_by_alter_medsessionperson_box_and_more','2023-10-19 09:21:50.538999'),(28,'medapp','0010_alter_medsessionperson_elected_label','2023-10-19 09:22:35.511050');
/*!40000 ALTER TABLE `django_migrations` ENABLE KEYS */;
UNLOCK TABLES;

--
-- Table structure for table `django_session`
--

DROP TABLE IF EXISTS `django_session`;
/*!40101 SET @saved_cs_client     = @@character_set_client */;
/*!50503 SET character_set_client = utf8mb4 */;
CREATE TABLE `django_session` (
  `session_key` varchar(40) NOT NULL,
  `session_data` longtext NOT NULL,
  `expire_date` datetime(6) NOT NULL,
  PRIMARY KEY (`session_key`),
  KEY `django_session_expire_date_a5c62663` (`expire_date`)
) ENGINE=InnoDB DEFAULT CHARSET=utf8mb4 COLLATE=utf8mb4_0900_ai_ci;
/*!40101 SET character_set_client = @saved_cs_client */;

--
-- Dumping data for table `django_session`
--

LOCK TABLES `django_session` WRITE;
/*!40000 ALTER TABLE `django_session` DISABLE KEYS */;
INSERT INTO `django_session` VALUES ('khf15g6qghg5t039pl4j8bx90ofqa5yl','.eJxVjDsOwjAQBe_iGln-sPGakj5nsHa9NgmgRIqTCnF3iJQC2jcz76USbeuQtlaWNIq6KKtOvxtTfpRpB3Kn6TbrPE_rMrLeFX3QpvtZyvN6uH8HA7XhW3MoGZ1wjWSBO0fia2BvIAIbBzY4qR4RIdhsoyVTzyiuq4CdwWK8en8A53w3Rg:1qraFY:9Hn_4IsUkx-W8htDPY77F0ZNNjZ1SXrkop6RJEDeY94','2023-10-28 08:43:56.173226'),('zame60rx9477xoeu5x7xhjorrmmc1cwm','.eJxVjDsOwjAQBe_iGln-sPGakj5nsHa9NgmgRIqTCnF3iJQC2jcz76USbeuQtlaWNIq6KKtOvxtTfpRpB3Kn6TbrPE_rMrLeFX3QpvtZyvN6uH8HA7XhW3MoGZ1wjWSBO0fia2BvIAIbBzY4qR4RIdhsoyVTzyiuq4CdwWK8en8A53w3Rg:1quIPu:3Ry6iJmoj9i-NmJV6oM0mUC7KkaCylr2M8-G4756tyY','2023-11-04 20:17:50.893987');
/*!40000 ALTER TABLE `django_session` ENABLE KEYS */;
UNLOCK TABLES;

--
-- Table structure for table `medapp_image`
--

DROP TABLE IF EXISTS `medapp_image`;
/*!40101 SET @saved_cs_client     = @@character_set_client */;
/*!50503 SET character_set_client = utf8mb4 */;
CREATE TABLE `medapp_image` (
  `id` bigint NOT NULL AUTO_INCREMENT,
  `image` varchar(100) NOT NULL,
  `medsession_id` int NOT NULL,
  PRIMARY KEY (`id`),
  KEY `medapp_image_medsession_id_68c43d35_fk_medapp_me` (`medsession_id`),
  CONSTRAINT `medapp_image_medsession_id_68c43d35_fk_medapp_me` FOREIGN KEY (`medsession_id`) REFERENCES `medapp_medsession` (`sessionid`)
) ENGINE=InnoDB AUTO_INCREMENT=188 DEFAULT CHARSET=utf8mb4 COLLATE=utf8mb4_0900_ai_ci;
/*!40101 SET character_set_client = @saved_cs_client */;

--
-- Dumping data for table `medapp_image`
--

LOCK TABLES `medapp_image` WRITE;
/*!40000 ALTER TABLE `medapp_image` DISABLE KEYS */;
INSERT INTO `medapp_image` VALUES (134,'runs/3/1/2023-10-18/1/607/WhatsApp_Image_2023-10-15_at_12.45.29_PM.jpeg',95),(135,'runs/3/1/2023-10-18/1/607/WhatsApp_Image_2023-10-15_at_12.45.27_PM_1.jpeg',95),(136,'runs/3/1/2023-10-18/1/607/WhatsApp_Image_2023-10-15_at_12.45.27_PM.jpeg',95),(137,'runs/3/1/2023-10-23/2/108/WhatsApp_Image_2023-10-03_at_9.53.52_AM.jpeg',96),(138,'runs/3/1/2023-10-23/2/108/WhatsApp_Image_2023-10-03_at_9.53.53_AM.jpeg',96),(139,'runs/3/1/2023-10-23/2/108/WhatsApp_Image_2023-10-03_at_9.53.54_AM_1.jpeg',96),(140,'runs/3/1/2023-10-23/2/108/WhatsApp_Image_2023-10-03_at_9.53.54_AM.jpeg',96),(141,'runs/3/1/2023-10-23/2/108/WhatsApp_Image_2023-10-03_at_9.53.52_AM_arnhY8C.jpeg',97),(142,'runs/3/1/2023-10-23/2/108/WhatsApp_Image_2023-10-03_at_9.53.53_AM_xRcAoZN.jpeg',97),(143,'runs/3/1/2023-10-23/2/108/WhatsApp_Image_2023-10-03_at_9.53.54_AM_1_Ip1aA7E.jpeg',97),(144,'runs/3/1/2023-10-23/2/108/WhatsApp_Image_2023-10-03_at_9.53.54_AM_kUcjcil.jpeg',97),(149,'runs/3/1/2023-10-23/2/108/WhatsApp_Image_2023-10-03_at_9.53.52_AM_oTQDEF5.jpeg',99),(150,'runs/3/1/2023-10-23/2/108/WhatsApp_Image_2023-10-03_at_9.53.53_AM_hDPrlS4.jpeg',99),(151,'runs/3/1/2023-10-23/2/108/WhatsApp_Image_2023-10-03_at_9.53.54_AM_1_CRftV2I.jpeg',99),(152,'runs/3/1/2023-10-23/2/108/WhatsApp_Image_2023-10-03_at_9.53.54_AM_GcMmj7m.jpeg',99),(153,'runs/3/1/2023-10-24/3/102/WhatsApp_Image_2023-10-15_at_1.45.30_PM.jpeg',100),(154,'runs/3/1/2023-10-24/3/102/WhatsApp_Image_2023-10-15_at_2.44.42_PM_2.jpeg',100),(155,'runs/3/1/2023-10-24/3/102/WhatsApp_Image_2023-10-15_at_2.44.42_PM_1.jpeg',100),(156,'runs/3/1/2023-10-24/3/102/WhatsApp_Image_2023-10-16_at_2.31.49_PM.jpeg',100),(157,'runs/3/1/2023-10-24/3/102/WhatsApp_Image_2023-10-16_at_2.32.21_PM.jpeg',100),(158,'runs/3/1/2023-10-24/3/102/WhatsApp_Image_2023-10-16_at_2.32.22_PM_1.jpeg',100),(159,'runs/3/1/2023-10-24/3/102/WhatsApp_Image_2023-10-16_at_2.32.22_PM.jpeg',100),(160,'runs/3/1/2023-10-24/2/607/WhatsApp_Image_2023-10-17_at_12.49.13_PM.jpeg',101),(161,'runs/3/1/2023-10-24/2/607/WhatsApp_Image_2023-10-16_at_2.31.49_PM.jpeg',101),(162,'runs/3/1/2023-10-24/2/607/WhatsApp_Image_2023-10-17_at_12.49.19_PM.jpeg',101),(163,'runs/3/1/2023-10-24/2/607/WhatsApp_Image_2023-10-15_at_1.45.30_PM.jpeg',101),(164,'runs/3/1/2023-10-24/2/607/WhatsApp_Image_2023-10-16_at_2.32.21_PM_1.jpeg',101),(165,'runs/3/1/2023-10-24/2/607/WhatsApp_Image_2023-10-15_at_2.44.42_PM_1.jpeg',101),(166,'runs/3/1/2023-10-24/2/607/WhatsApp_Image_2023-10-17_at_12.49.19_PM_1.jpeg',101),(167,'runs/3/1/2023-10-24/3/052/WhatsApp_Image_2023-10-16_at_2.32.21_PM_9.jpeg',102),(168,'runs/3/1/2023-10-24/3/052/WhatsApp_Image_2023-10-16_at_2.32.21_PM_8.jpeg',102),(169,'runs/3/1/2023-10-24/3/052/WhatsApp_Image_2023-10-16_at_2.32.21_PM_7.jpeg',102),(170,'runs/3/1/2023-10-24/3/052/WhatsApp_Image_2023-10-16_at_2.32.21_PM_6.jpeg',102),(171,'runs/3/1/2023-10-24/3/052/WhatsApp_Image_2023-10-16_at_2.32.05_PM_1.jpeg',102),(172,'runs/3/1/2023-10-24/3/052/WhatsApp_Image_2023-10-16_at_2.31.49_PM_1.jpeg',102),(173,'runs/3/1/2023-10-24/3/052/WhatsApp_Image_2023-10-15_at_1.45.30_PM_1.jpeg',102),(174,'runs/3/1/2023-10-24/1/607/WhatsApp_Image_2023-10-15_at_1.45.30_PM_1.jpeg',103),(175,'runs/3/1/2023-10-24/1/607/WhatsApp_Image_2023-10-15_at_1.45.28_PM.jpeg',103),(176,'runs/3/1/2023-10-24/1/607/WhatsApp_Image_2023-10-16_at_2.32.05_PM_1.jpeg',103),(177,'runs/3/1/2023-10-24/1/607/WhatsApp_Image_2023-10-15_at_1.45.28_PM_eZPGvFp.jpeg',103),(178,'runs/3/1/2023-10-24/1/607/WhatsApp_Image_2023-10-15_at_11.03.51_AM_1.jpeg',103),(179,'runs/3/1/2023-10-24/1/607/WhatsApp_Image_2023-10-15_at_2.44.42_PM.jpeg',103),(180,'runs/3/1/2023-10-24/1/607/WhatsApp_Image_2023-10-15_at_1.45.30_PM.jpeg',103),(181,'runs/3/1/2023-10-24/2/108/WhatsApp_Image_2023-10-11_at_11.22.00_AM_2.jpeg',104),(182,'runs/3/1/2023-10-24/2/108/WhatsApp_Image_2023-10-11_at_11.22.00_AM_1.jpeg',104),(183,'runs/3/1/2023-10-24/2/108/WhatsApp_Image_2023-10-11_at_11.22.00_AM.jpeg',104),(184,'runs/3/1/2023-10-24/2/108/WhatsApp_Image_2023-10-11_at_11.21.59_AM_2.jpeg',104),(185,'runs/3/1/2023-10-24/2/108/WhatsApp_Image_2023-10-11_at_11.21.59_AM_1.jpeg',104),(186,'runs/3/1/2023-10-24/2/108/WhatsApp_Image_2023-10-11_at_11.21.59_AM.jpeg',104),(187,'runs/3/1/2023-10-24/2/108/WhatsApp_Image_2023-10-11_at_11.21.58_AM_1.jpeg',104);
/*!40000 ALTER TABLE `medapp_image` ENABLE KEYS */;
UNLOCK TABLES;

--
-- Table structure for table `medapp_medsession`
--

DROP TABLE IF EXISTS `medapp_medsession`;
/*!40101 SET @saved_cs_client     = @@character_set_client */;
/*!50503 SET character_set_client = utf8mb4 */;
CREATE TABLE `medapp_medsession` (
  `sessionid` int NOT NULL AUTO_INCREMENT,
  `period` varchar(1) NOT NULL,
  `day` date NOT NULL,
  `term` varchar(1) NOT NULL,
  `year` varchar(1) NOT NULL,
  `room` varchar(50) NOT NULL,
  `course` varchar(400) NOT NULL,
  `lecturer` varchar(400) NOT NULL,
  `modifytime` datetime(6) NOT NULL,
  PRIMARY KEY (`sessionid`)
) ENGINE=InnoDB AUTO_INCREMENT=105 DEFAULT CHARSET=utf8mb4 COLLATE=utf8mb4_0900_ai_ci;
/*!40101 SET character_set_client = @saved_cs_client */;

--
-- Dumping data for table `medapp_medsession`
--

LOCK TABLES `medapp_medsession` WRITE;
/*!40000 ALTER TABLE `medapp_medsession` DISABLE KEYS */;
INSERT INTO `medapp_medsession` VALUES (95,'1','2023-10-18','1','3','607','n/a','n/a','2023-10-18 07:10:55.773130'),(96,'2','2023-10-23','1','3','108','n/a','n/a','2023-10-22 20:34:08.791784'),(97,'2','2023-10-23','1','3','108','n/a','n/a','2023-10-22 20:43:22.140596'),(99,'2','2023-10-23','1','3','108','n/a','n/a','2023-10-22 20:58:02.398940'),(100,'3','2023-10-24','1','3','102','aaa','aaa','2023-10-23 20:34:29.966427'),(101,'2','2023-10-24','1','3','607','n/a','n/a','2023-10-23 21:42:51.949323'),(102,'3','2023-10-24','1','3','052','n/a','n/a','2023-10-23 21:56:48.645555'),(103,'1','2023-10-24','1','3','607','n/a','n/a','2023-10-23 22:08:14.299075'),(104,'2','2023-10-24','1','3','108','n/a','n/a','2023-10-23 22:13:16.713863');
/*!40000 ALTER TABLE `medapp_medsession` ENABLE KEYS */;
UNLOCK TABLES;

--
-- Table structure for table `medapp_medsessionperson`
--

DROP TABLE IF EXISTS `medapp_medsessionperson`;
/*!40101 SET @saved_cs_client     = @@character_set_client */;
/*!50503 SET character_set_client = utf8mb4 */;
CREATE TABLE `medapp_medsessionperson` (
  `id` bigint NOT NULL AUTO_INCREMENT,
  `box` longtext,
  `confidence` double DEFAULT NULL,
  `image_path` longtext,
  `resnet50_label` varchar(200) DEFAULT NULL,
  `resnet50_confidence` double DEFAULT NULL,
  `senet50_label` varchar(200) DEFAULT NULL,
  `senet50_confidence` double DEFAULT NULL,
  `vgg16_label` varchar(200) DEFAULT NULL,
  `vgg16_confidence` double DEFAULT NULL,
  `elected_label` varchar(200) NOT NULL,
  `medsession_id` int NOT NULL,
  `image_url` varchar(200) DEFAULT NULL,
  `corrected_label` varchar(200) DEFAULT NULL,
  `added_by` varchar(1) NOT NULL,
  PRIMARY KEY (`id`),
  KEY `medapp_medsessionper_medsession_id_1142d631_fk_medapp_me` (`medsession_id`),
  CONSTRAINT `medapp_medsessionper_medsession_id_1142d631_fk_medapp_me` FOREIGN KEY (`medsession_id`) REFERENCES `medapp_medsession` (`sessionid`)
) ENGINE=InnoDB AUTO_INCREMENT=316 DEFAULT CHARSET=utf8mb4 COLLATE=utf8mb4_0900_ai_ci;
/*!40101 SET character_set_client = @saved_cs_client */;

--
-- Dumping data for table `medapp_medsessionperson`
--

LOCK TABLES `medapp_medsessionperson` WRITE;
/*!40000 ALTER TABLE `medapp_medsessionperson` DISABLE KEYS */;
INSERT INTO `medapp_medsessionperson` VALUES (10,'[2266, 1489, 178, 240]',0.9999638795852661,'WhatsApp_Image_2023-10-15_at_12.45.27_PM.jpeg','211008088_Rana Yasser',0.9999995231628418,'211008088_Rana Yasser',0.9999946355819702,'211008088_Rana Yasser',1,'211008088_Rana Yasser',95,'/media/temp/tmp_ct4t39w.jpg','','0'),(11,'[3099, 1067, 96, 122]',0.9999473094940186,'WhatsApp_Image_2023-10-15_at_12.45.27_PM.jpeg','211012090_Magda Mohamed',0.586499035358429,'212001377_Mohamed Hatem',0.8931637406349182,'211000649_Nourhan Zanaty',0.8380669951438904,'212001377_Mohamed Hatem',95,'/media/temp/tmp9dr0fpa7.jpg','','0'),(12,'[238, 1154, 157, 195]',0.9998995065689087,'WhatsApp_Image_2023-10-15_at_12.45.27_PM.jpeg','211011222_Omar El Dakkak',0.9999996423721313,'211011222_Omar El Dakkak',1,'211011222_Omar El Dakkak',1,'211011222_Omar El Dakkak',95,'/media/temp/tmpc3x42d0n.jpg','','0'),(13,'[3500, 1893, 327, 434]',0.9998866319656372,'WhatsApp_Image_2023-10-15_at_12.45.27_PM.jpeg','211010129_Mennah Mostafa',0.9999912977218628,'211010129_Mennah Mostafa',0.9999998807907104,'211010129_Mennah Mostafa',1,'211010129_Mennah Mostafa',95,'/media/temp/tmpa7ngyn2n.jpg','','0'),(14,'[1927, 1519, 223, 290]',0.9998854398727417,'WhatsApp_Image_2023-10-15_at_12.45.27_PM.jpeg','211011260_Janah Shady',0.7294151782989502,'211000007_Maryam Tamer',0.6940754055976868,'211011260_Janah Shady',1,'211011260_Janah Shady',95,'/media/temp/tmptyglti63.jpg','','0'),(15,'[1898, 1072, 110, 125]',0.9998687505722046,'WhatsApp_Image_2023-10-15_at_12.45.27_PM.jpeg','211010731_Nouran Khaled',0.8947453498840332,'211010731_Nouran Khaled',0.9999996423721313,'211010731_Nouran Khaled',1,'211010731_Nouran Khaled',95,'/media/temp/tmpctyhhvtf.jpg','','0'),(16,'[1192, 1312, 127, 164]',0.9997664093971252,'WhatsApp_Image_2023-10-15_at_12.45.27_PM.jpeg','211010703_Omnia Shaaban',0.6525158286094666,'211000858_Nermine Essam',0.9084823727607727,'211010773_Ashrakat Hussien',0.6327084302902222,'211000858_Nermine Essam',95,'/media/temp/tmp1c86mgs6.jpg','','0'),(17,'[1022, 983, 86, 105]',0.9997345805168152,'WhatsApp_Image_2023-10-15_at_12.45.27_PM.jpeg','211002523_Moaz Abdel Raouf',0.9997935891151428,'211002523_Moaz Abdel Raouf',1,'211011035_Abdelrahman Seddik',0.9999550580978394,'211002523_Moaz Abdel Raouf',95,'/media/temp/tmpdqyadu9a.jpg','','0'),(18,'[579, 1037, 98, 111]',0.9995191097259521,'WhatsApp_Image_2023-10-15_at_12.45.27_PM.jpeg','211000778_Abdel Rahman Wael',0.41729700565338135,'211011145_Abdel Rahman Saniour',0.9964878559112549,'211001676_Kerolous Youssef',0.9878530502319336,'211011145_Abdel Rahman Saniour',95,'/media/temp/tmp59ekkshn.jpg','221003615_Abdallah ElShalkany','1'),(19,'[1458, 1042, 95, 116]',0.9994990825653076,'WhatsApp_Image_2023-10-15_at_12.45.27_PM.jpeg','211008839_Mostafa Serah',0.9979133009910583,'211008839_Mostafa Serah',0.9972078204154968,'211008839_Mostafa Serah',1,'211008839_Mostafa Serah',95,'/media/temp/tmpk3pnjpqk.jpg','','0'),(20,'[1575, 1082, 120, 154]',0.9994192123413086,'WhatsApp_Image_2023-10-15_at_12.45.27_PM.jpeg','211011044_Bassem Nader',1,'211011044_Bassem Nader',1,'211011044_Bassem Nader',1,'211011044_Bassem Nader',95,'/media/temp/tmp50z_ctxy.jpg','211010638_Mohamed Nazieh','1'),(21,'[3276, 1163, 176, 216]',0.9991769194602966,'WhatsApp_Image_2023-10-15_at_12.45.27_PM.jpeg','211000408_Mohamed Saleh',0.7246755957603455,'211002997_Ahmed Attiah',0.9815739989280701,'211002997_Ahmed Attiah',0.9976068735122681,'211002997_Ahmed Attiah',95,'/media/temp/tmpevq5vbs5.jpg','','0'),(22,'[1977, 1495, 71, 88]',0.9999929666519165,'WhatsApp_Image_2023-10-15_at_12.45.29_PM.jpeg','211003023_Jannah Walid',0.9991607666015625,'211003023_Jannah Walid',1,'211003023_Jannah Walid',1,'211003023_Jannah Walid',95,'/media/temp/tmpkxrri6br.jpg','','0'),(23,'[3005, 1530, 85, 106]',0.9999556541442871,'WhatsApp_Image_2023-10-15_at_12.45.29_PM.jpeg','231001961_Amr Hablas',0.9999998807907104,'231001961_Amr Hablas',1,'211003775_Ammar Yasser',1,'231001961_Amr Hablas',95,'/media/temp/tmp_1ipa8kx.jpg','','0'),(24,'[1418, 1376, 58, 78]',0.9998998641967773,'WhatsApp_Image_2023-10-15_at_12.45.29_PM.jpeg','211000104_Menna Elswefy',0.9974598288536072,'211000104_Menna Elswefy',0.5937631130218506,'211000104_Menna Elswefy',1,'211000104_Menna Elswefy',95,'/media/temp/tmpj151je_k.jpg','','0'),(25,'[2121, 1341, 71, 81]',0.9998676776885986,'WhatsApp_Image_2023-10-15_at_12.45.29_PM.jpeg','211001676_Kerolous Youssef',0.9999998807907104,'211001676_Kerolous Youssef',1,'211001676_Kerolous Youssef',1,'211001676_Kerolous Youssef',95,'/media/temp/tmpwk_wwtu8.jpg','','0'),(26,'[2616, 1439, 59, 76]',0.9998148083686829,'WhatsApp_Image_2023-10-15_at_12.45.29_PM.jpeg','211008767_Merna Nasser',0.9725748896598816,'211008767_Merna Nasser',0.9999474287033081,'211000104_Menna Elswefy',0.7627650499343872,'211008767_Merna Nasser',95,'/media/temp/tmpxrzri8iv.jpg','','0'),(27,'[1472, 1497, 84, 107]',0.9997395873069763,'WhatsApp_Image_2023-10-15_at_12.45.29_PM.jpeg','211001707_Karim Hashim',0.9993013143539429,'211001707_Karim Hashim',0.600460946559906,'211000104_Menna Elswefy',1,'211001707_Karim Hashim',95,'/media/temp/tmp1a8mnart.jpg','','0'),(28,'[2739, 1406, 63, 78]',0.9997223019599915,'WhatsApp_Image_2023-10-15_at_12.45.29_PM.jpeg','211011070_Jana Ossama',0.9997692704200745,'211011070_Jana Ossama',0.9996302127838135,'211000104_Menna Elswefy',1,'211011070_Jana Ossama',95,'/media/temp/tmp064n8_9d.jpg','','0'),(29,'[1841, 1717, 92, 116]',0.9995346069335938,'WhatsApp_Image_2023-10-15_at_12.45.29_PM.jpeg','211001927_Hanin Zahran',0.9983776807785034,'211000547_Merna Khalid',1,'211001927_Hanin Zahran',1,'211001927_Hanin Zahran',95,'/media/temp/tmpg6n5t90m.jpg','','0'),(30,'[2937, 1393, 59, 73]',0.9993698000907898,'WhatsApp_Image_2023-10-15_at_12.45.29_PM.jpeg','211010703_Omnia Shaaban',1,'211010703_Omnia Shaaban',0.9722948670387268,'211010703_Omnia Shaaban',1,'211010703_Omnia Shaaban',95,'/media/temp/tmp93z6ye1n.jpg','','0'),(31,'[2022, 1345, 62, 81]',0.9993065595626831,'WhatsApp_Image_2023-10-15_at_12.45.29_PM.jpeg','211010944_Kirollos William',1,'211010944_Kirollos William',1,'211010944_Kirollos William',1,'211010944_Kirollos William',95,'/media/temp/tmpjaju5q3f.jpg','','0'),(32,'[2322, 1513, 62, 79]',0.999269425868988,'WhatsApp_Image_2023-10-15_at_12.45.29_PM.jpeg','211000053_Rahaf Ibrahim',0.9998340606689453,'211000053_Rahaf Ibrahim',0.5536465644836426,'211011261_Lougin Shady',0.4052840769290924,'211000053_Rahaf Ibrahim',95,'/media/temp/tmpg8d093z6.jpg','','0'),(33,'[1155, 1282, 60, 73]',0.9992689490318298,'WhatsApp_Image_2023-10-15_at_12.45.29_PM.jpeg','211002432_Youssef Sherif',1,'211002432_Youssef Sherif',1,'20100297_Ahmed Yasser',0.9939711689949036,'211002432_Youssef Sherif',95,'/media/temp/tmpss31lsjr.jpg','','0'),(34,'[3101, 1406, 55, 75]',0.9991082549095154,'WhatsApp_Image_2023-10-15_at_12.45.29_PM.jpeg','211000712_Mazin Bahnasy',0.7298607230186462,'211011237_Reeman Elsayed',0.843457818031311,'211000408_Mohamed Saleh',0.9995682835578918,'211000408_Mohamed Saleh',95,'/media/temp/tmpkjaa5vzc.jpg','','0'),(35,'[1119, 1385, 69, 88]',0.9974925518035889,'WhatsApp_Image_2023-10-15_at_12.45.29_PM.jpeg','211001669_Mina Louise',0.9999855756759644,'211001669_Mina Louise',1,'211001669_Mina Louise',1,'211001669_Mina Louise',95,'/media/temp/tmp6kc1nkqt.jpg','','0'),(36,NULL,NULL,NULL,NULL,NULL,NULL,NULL,NULL,NULL,'',95,'/media/temp/tmpdok3wf1n.jpg','211010869_Abd ElMasih Sabry','1'),(37,NULL,NULL,NULL,NULL,NULL,NULL,NULL,NULL,NULL,'',95,'/media/temp/tmpabh3w_1r.jpg','211002984_Abdallah Emad','1'),(38,'[3099, 1362, 65, 80]',0.9998158812522888,'WhatsApp_Image_2023-10-03_at_9.53.52_AM.jpeg','211003626_Abdallah Salman',0.9993817806243896,'211003626_Abdallah Salman',0.9999674558639526,'211001452_Heba Ehab',0.6649580001831055,'211003626_Abdallah Salman',99,'/media/temp/tmpgpk0r0lw.jpg',NULL,'0'),(39,'[1559, 1658, 60, 74]',0.9990274906158447,'WhatsApp_Image_2023-10-03_at_9.53.53_AM.jpeg','211000767_Mahmoud Attian',0.5223579406738281,'211011145_Abdel Rahman Saniour',0.41167861223220825,'211011145_Abdel Rahman Saniour',0.6607447862625122,'211011145_Abdel Rahman Saniour',99,'/media/temp/tmpmh6mjzr7.jpg',NULL,'0'),(40,'[2659, 1573, 178, 219]',0.9994895458221436,'WhatsApp_Image_2023-10-03_at_9.53.52_AM.jpeg','20100297_Ahmed Yasser',0.5611361861228943,'20100297_Ahmed Yasser',0.9989734888076782,'211009356_Mostafa Abdel Halim',0.7569528222084045,'20100297_Ahmed Yasser',99,'/media/temp/tmpwbs3_k2a.jpg',NULL,'0'),(41,'[2831, 1598, 64, 78]',0.9957200884819031,'WhatsApp_Image_2023-10-03_at_9.53.53_AM.jpeg','211001914_Arwah Ahmed',0.9999204874038696,'211001914_Arwah Ahmed',0.9986056685447693,'211003737_Manar Shahin',0.5141967535018921,'211001914_Arwah Ahmed',99,'/media/temp/tmp_wv0ireb.jpg',NULL,'0'),(42,'[2774, 1672, 86, 108]',0.9998743534088135,'WhatsApp_Image_2023-10-03_at_9.53.54_AM_1.jpeg','211010358_Arwah Saleh',0.8950332403182983,'211010358_Arwah Saleh',0.9999315738677979,'211010358_Arwah Saleh',0.9956660270690918,'211010358_Arwah Saleh',99,'/media/temp/tmpexfjt_8w.jpg',NULL,'0'),(43,'[3238, 1538, 162, 198]',0.9999911785125732,'WhatsApp_Image_2023-10-03_at_9.53.52_AM.jpeg','212001084_Assem Mohamed',0.9998990297317505,'212001084_Assem Mohamed',0.9998226761817932,'212001084_Assem Mohamed',1,'212001084_Assem Mohamed',99,'/media/temp/tmpcy_xomic.jpg',NULL,'0'),(44,'[1918, 1671, 59, 79]',0.9996637105941772,'WhatsApp_Image_2023-10-03_at_9.53.53_AM.jpeg','211002721_Bassmala El Hashimy',0.9056375026702881,'211002721_Bassmala El Hashimy',0.9342554807662964,'211002721_Bassmala El Hashimy',0.9998188614845276,'211002721_Bassmala El Hashimy',99,'/media/temp/tmpdo4jfnry.jpg',NULL,'0'),(45,'[1248, 1653, 119, 160]',0.9999780654907227,'WhatsApp_Image_2023-10-03_at_9.53.52_AM.jpeg','211003183_Donia Mohamed',0.9981439113616943,'211003183_Donia Mohamed',0.9999867677688599,'211003183_Donia Mohamed',0.592246949672699,'211003183_Donia Mohamed',99,'/media/temp/tmpxbbqgl5u.jpg',NULL,'0'),(46,'[325, 1675, 190, 223]',0.9999979734420776,'WhatsApp_Image_2023-10-03_at_9.53.52_AM.jpeg','211000422_Hana Elserafy',0.9987567663192749,'211000422_Hana Elserafy',0.9488075971603394,'211000422_Hana Elserafy',0.9999953508377075,'211000422_Hana Elserafy',99,'/media/temp/tmp47vd2rwf.jpg',NULL,'0'),(47,'[1761, 1453, 93, 118]',0.9996188879013062,'WhatsApp_Image_2023-10-03_at_9.53.52_AM.jpeg','211000864_Hazem Elsayed',0.9990894794464111,'211000864_Hazem Elsayed',0.9999967813491821,'211000864_Hazem Elsayed',0.9997428059577942,'211000864_Hazem Elsayed',99,'/media/temp/tmphl7h9et3.jpg',NULL,'0'),(48,'[1866, 1431, 117, 146]',0.9998832941055298,'WhatsApp_Image_2023-10-03_at_9.53.54_AM.jpeg','211011261_Lougin Shady',0.9379270076751709,'211011261_Lougin Shady',0.9999796152114868,'211003737_Manar Shahin',0.9965840578079224,'211011261_Lougin Shady',99,'/media/temp/tmpgarkc874.jpg',NULL,'0'),(49,'[2017, 1305, 87, 115]',0.9999980926513672,'WhatsApp_Image_2023-10-03_at_9.53.54_AM.jpeg','211003889_Mahmoud Yehia',0.9987295269966125,'211003889_Mahmoud Yehia',0.9999346733093262,'211003889_Mahmoud Yehia',0.9999997615814209,'211003889_Mahmoud Yehia',99,'/media/temp/tmpd6ig2yvz.jpg',NULL,'0'),(50,'[1169, 2018, 173, 215]',0.9999798536300659,'WhatsApp_Image_2023-10-03_at_9.53.53_AM.jpeg','211000007_Maryam Tamer',0.9909862875938416,'211000007_Maryam Tamer',0.9972042441368103,'211001927_Hanin Zahran',0.9563155770301819,'211000007_Maryam Tamer',99,'/media/temp/tmpr9_t3vl6.jpg',NULL,'0'),(51,'[2982, 1580, 81, 98]',0.9999891519546509,'WhatsApp_Image_2023-10-03_at_9.53.54_AM_1.jpeg','211010129_Mennah Mostafa',0.9995500445365906,'211010129_Mennah Mostafa',0.9994444251060486,'211010129_Mennah Mostafa',0.9632024168968201,'211010129_Mennah Mostafa',99,'/media/temp/tmp2botmq6t.jpg',NULL,'0'),(52,'[1675, 1714, 64, 89]',0.9993886947631836,'WhatsApp_Image_2023-10-03_at_9.53.53_AM.jpeg','211000547_Merna Khalid',0.9935967922210693,'211000547_Merna Khalid',0.9980356097221375,'211002119_Nada Ashosh',0.932929277420044,'211000547_Merna Khalid',99,'/media/temp/tmpx93bja5v.jpg',NULL,'0'),(53,'[930, 1294, 130, 163]',0.9999966621398926,'WhatsApp_Image_2023-10-03_at_9.53.54_AM.jpeg','231001961_Amr Hablas',0.16733893752098083,'211011153_Ahmed Gabr',0.5334292054176331,'211002523_Moaz Abdel Raouf',0.9470550417900085,'211002523_Moaz Abdel Raouf',99,'/media/temp/tmps08nq0rx.jpg',NULL,'0'),(54,'[1477, 1480, 87, 107]',0.9999736547470093,'WhatsApp_Image_2023-10-03_at_9.53.52_AM.jpeg','211000977_Mohamed Younis',0.999983549118042,'211000977_Mohamed Younis',0.9986398816108704,'211000977_Mohamed Younis',1,'211000977_Mohamed Younis',99,'/media/temp/tmpb8gx4mr4.jpg',NULL,'0'),(55,'[2308, 1543, 99, 123]',0.9999984502792358,'WhatsApp_Image_2023-10-03_at_9.53.52_AM.jpeg','211001492_Tya Yasser',0.7624180316925049,'211011070_Jana Ossama',0.5873894095420837,'211000858_Nermine Essam',0.8342973589897156,'211000858_Nermine Essam',99,'/media/temp/tmpm3sqnh78.jpg',NULL,'0'),(56,'[1648, 1201, 82, 103]',0.9999603033065796,'WhatsApp_Image_2023-10-03_at_9.53.54_AM.jpeg','211011222_Omar El Dakkak',0.9943887591362,'211011222_Omar El Dakkak',0.9989997744560242,'211011222_Omar El Dakkak',0.9999961853027344,'211011222_Omar El Dakkak',99,'/media/temp/tmp_gpsp61h.jpg',NULL,'0'),(57,'[378, 1934, 136, 165]',0.9999843835830688,'WhatsApp_Image_2023-10-03_at_9.53.53_AM.jpeg','211008088_Rana Yasser',0.9861416220664978,'211008088_Rana Yasser',0.9999396800994873,'211003630_Yassmin Kandil',0.9970755577087402,'211008088_Rana Yasser',99,'/media/temp/tmpbip8kois.jpg',NULL,'0'),(58,'[23, 1802, 88, 113]',0.9999359846115112,'WhatsApp_Image_2023-10-03_at_9.53.53_AM.jpeg','211000768_Renad Ashraf',0.9160203337669373,'211000768_Renad Ashraf',0.9006636142730713,'211000768_Renad Ashraf',0.8757474422454834,'211000768_Renad Ashraf',99,'/media/temp/tmppzsshpgg.jpg',NULL,'0'),(59,'[1656, 1571, 226, 293]',0.9999479055404663,'WhatsApp_Image_2023-10-03_at_9.53.54_AM.jpeg','211000370_Saif Zaky',0.9652073979377747,'211000370_Saif Zaky',0.999994158744812,'211008964_Ahmed Elfeel',0.969512939453125,'211000370_Saif Zaky',99,'/media/temp/tmpzp0axtq5.jpg',NULL,'0'),(60,'[1159, 1279, 79, 99]',0.999995231628418,'WhatsApp_Image_2023-10-03_at_9.53.54_AM.jpeg','211003629_Sama Yasser',0.9560828804969788,'211003629_Sama Yasser',0.999606192111969,'211003629_Sama Yasser',0.9997677206993103,'211003629_Sama Yasser',99,'/media/temp/tmp0trwx26v.jpg',NULL,'0'),(61,'[1692, 1839, 139, 167]',0.9999268054962158,'WhatsApp_Image_2023-10-03_at_9.53.53_AM.jpeg','211003760_Sarah El Kerdawi',0.9998414516448975,'211003760_Sarah El Kerdawi',0.9998466968536377,'211003760_Sarah El Kerdawi',1,'211003760_Sarah El Kerdawi',99,'/media/temp/tmp_58rhnfz.jpg',NULL,'0'),(62,'[3437, 1404, 83, 106]',0.999184787273407,'WhatsApp_Image_2023-10-03_at_9.53.52_AM.jpeg','211008759_Sief Atta',0.7179779410362244,'211008759_Sief Atta',0.9974011182785034,'211002997_Ahmed Attiah',0.34825605154037476,'211008759_Sief Atta',99,'/media/temp/tmpr48v_f_7.jpg',NULL,'0'),(63,'[1195, 1785, 115, 137]',0.9998953342437744,'WhatsApp_Image_2023-10-03_at_9.53.54_AM_1.jpeg','211001492_Tya Yasser',0.9946714043617249,'211001492_Tya Yasser',0.9839279055595398,'211001492_Tya Yasser',0.9999997615814209,'211001492_Tya Yasser',99,'/media/temp/tmpg3_a_z02.jpg',NULL,'0'),(64,'[2624, 1389, 78, 89]',0.9999699592590332,'WhatsApp_Image_2023-10-03_at_9.53.52_AM.jpeg','211003211_Youssef Tantawy',0.9583368301391602,'211003211_Youssef Tantawy',0.9951712489128113,'211003211_Youssef Tantawy',0.9999971389770508,'211003211_Youssef Tantawy',99,'/media/temp/tmpivrc5l29.jpg',NULL,'0'),(65,'[1953, 1561, 118, 153]',0.9972477555274963,'WhatsApp_Image_2023-10-03_at_9.53.52_AM.jpeg','211010040_Zainab Ibrahim',0.9999406337738037,'211010040_Zainab Ibrahim',0.9999781847000122,'211010040_Zainab Ibrahim',1,'211010040_Zainab Ibrahim',99,'/media/temp/tmpeslyo2j1.jpg',NULL,'0'),(66,'[3693, 1227, 153, 175]',0.999818742275238,'WhatsApp_Image_2023-10-15_at_2.44.42_PM_1.jpeg','211011276_Abdallah Hisham',0.9496912956237793,'211011276_Abdallah Hisham',0.9975916147232056,'211011276_Abdallah Hisham',1,'211011276_Abdallah Hisham',100,'/media/temp/tmp0_8yyxed.jpg',NULL,'0'),(67,'[2068, 1201, 113, 142]',0.9981746673583984,'WhatsApp_Image_2023-10-15_at_2.44.42_PM_2.jpeg','211010967_Abdel Rahman El Hasafy',0.9724351763725281,'211010638_Mohamed Nazieh',0.9392308592796326,'211000548_Hazim Mostafa',0.791394829750061,'211010967_Abdel Rahman El Hasafy',100,'/media/temp/tmpvk5cv9v5.jpg',NULL,'0'),(68,'[1212, 1140, 101, 117]',0.9998836517333984,'WhatsApp_Image_2023-10-16_at_2.32.22_PM.jpeg','211011032_Abdel Rahman Farid',0.7924134135246277,'211011032_Abdel Rahman Farid',0.9983201622962952,'211011032_Abdel Rahman Farid',0.9999866485595703,'211011032_Abdel Rahman Farid',100,'/media/temp/tmpwxzc_x4v.jpg',NULL,'0'),(69,'[2979, 998, 64, 75]',0.9909993410110474,'WhatsApp_Image_2023-10-16_at_2.32.22_PM_1.jpeg','211011145_Abdel Rahman Saniour',0.9907239079475403,'211011145_Abdel Rahman Saniour',0.9997000694274902,'211008096_Omar Ossama',0.9917433857917786,'211011145_Abdel Rahman Saniour',100,'/media/temp/tmphuhrypmo.jpg',NULL,'0'),(70,'[2362, 1237, 179, 219]',0.9973821043968201,'WhatsApp_Image_2023-10-15_at_1.45.30_PM.jpeg','211000072_Ahmed Agawany',0.9985914826393127,'211000072_Ahmed Agawany',0.9995287656784058,'211000072_Ahmed Agawany',0.9847050905227661,'211000072_Ahmed Agawany',100,'/media/temp/tmpja55a512.jpg',NULL,'0'),(71,'[308, 933, 99, 118]',0.9999877214431763,'WhatsApp_Image_2023-10-15_at_2.44.42_PM_2.jpeg','211003523_Ahmed Khamis',0.9930111765861511,'211003523_Ahmed Khamis',0.8969922661781311,'211003523_Ahmed Khamis',0.872408926486969,'211003523_Ahmed Khamis',100,'/media/temp/tmpc9_6limj.jpg',NULL,'0'),(72,'[1994, 886, 82, 88]',0.9999489784240723,'WhatsApp_Image_2023-10-15_at_2.44.42_PM_1.jpeg','211011225_Ahmed Sherief',0.6783526539802551,'211011225_Ahmed Sherief',0.723813533782959,'20100297_Ahmed Yasser',0.9962052702903748,'211011225_Ahmed Sherief',100,'/media/temp/tmpvd38nw29.jpg',NULL,'0'),(73,'[3800, 1095, 90, 105]',0.9994014501571655,'WhatsApp_Image_2023-10-16_at_2.32.22_PM.jpeg','212001112_Maryam Hammam',0.317148357629776,'211002785_Amal Arafa',0.9701371192932129,'211002785_Amal Arafa',0.6913213133811951,'211002785_Amal Arafa',100,'/media/temp/tmpuzhl20rj.jpg',NULL,'0'),(74,'[2243, 1708, 181, 229]',0.9999357461929321,'WhatsApp_Image_2023-10-15_at_2.44.42_PM_2.jpeg','231001961_Amr Hablas',0.8573472499847412,'231001961_Amr Hablas',0.9998489618301392,'231001961_Amr Hablas',0.4876196086406708,'231001961_Amr Hablas',100,'/media/temp/tmpb595uzz4.jpg',NULL,'0'),(75,'[3342, 1128, 103, 127]',0.9989591836929321,'WhatsApp_Image_2023-10-16_at_2.32.22_PM.jpeg','211010755_Arsany Fawzy',0.9988522529602051,'211010755_Arsany Fawzy',0.9999189376831055,'211010755_Arsany Fawzy',1,'211010755_Arsany Fawzy',100,'/media/temp/tmpa6a46m4v.jpg',NULL,'0'),(76,'[2174, 1000, 80, 97]',0.9985113739967346,'WhatsApp_Image_2023-10-15_at_2.44.42_PM_1.jpeg','211011174_Baraa Hamdy',0.9758780002593994,'211011174_Baraa Hamdy',0.9287356734275818,'211011174_Baraa Hamdy',0.972676694393158,'211011174_Baraa Hamdy',100,'/media/temp/tmp_djct715.jpg',NULL,'0'),(77,'[3061, 1212, 83, 102]',0.9998741149902344,'WhatsApp_Image_2023-10-16_at_2.32.22_PM.jpeg','211000151_Bassant Gamal Eldin',0.9937140345573425,'211000151_Bassant Gamal Eldin',0.8423445820808411,'211000151_Bassant Gamal Eldin',0.9999196529388428,'211000151_Bassant Gamal Eldin',100,'/media/temp/tmp7utelhcb.jpg',NULL,'0'),(78,'[2797, 1357, 133, 163]',0.9952850937843323,'WhatsApp_Image_2023-10-16_at_2.32.22_PM.jpeg','212001409_Enjy Emad',0.9946265816688538,'212001409_Enjy Emad',0.9788024425506592,'212001409_Enjy Emad',0.9220536351203918,'212001409_Enjy Emad',100,'/media/temp/tmpt8fzpxv5.jpg',NULL,'0'),(79,'[379, 896, 89, 107]',0.9999743700027466,'WhatsApp_Image_2023-10-15_at_2.44.42_PM_1.jpeg','212000100_Adham Ahmed',0.9996258020401001,'211010753_Yassin Kafrawy',0.34936466813087463,'211010842_Eyad Gamal',0.9999737739562988,'211010842_Eyad Gamal',100,'/media/temp/tmpcte_vcf_.jpg',NULL,'0'),(80,'[1656, 1305, 202, 244]',0.9999549388885498,'WhatsApp_Image_2023-10-15_at_1.45.30_PM.jpeg','211003042_Mahmoud Ossama',0.6359559297561646,'211000798_Fliopater Gadallah',0.6854673624038696,'211000798_Fliopater Gadallah',1,'211000798_Fliopater Gadallah',100,'/media/temp/tmp0jgpkpou.jpg',NULL,'0'),(81,'[1067, 920, 92, 109]',0.9999974966049194,'WhatsApp_Image_2023-10-15_at_2.44.42_PM_1.jpeg','212001020_Hamza Badawy',0.9999938011169434,'212001020_Hamza Badawy',0.9944226145744324,'212001020_Hamza Badawy',0.9999998807907104,'212001020_Hamza Badawy',100,'/media/temp/tmp0wmgtb6i.jpg',NULL,'0'),(82,'[2376, 2295, 226, 285]',0.999984860420227,'WhatsApp_Image_2023-10-15_at_1.45.30_PM.jpeg','211001927_Hanin Zahran',0.9986489415168762,'211001927_Hanin Zahran',0.9921063184738159,'212001377_Mohamed Hatem',0.9913551211357117,'211001927_Hanin Zahran',100,'/media/temp/tmpobl989yn.jpg',NULL,'0'),(83,'[3390, 994, 82, 103]',0.9999779462814331,'WhatsApp_Image_2023-10-16_at_2.32.22_PM_1.jpeg','211001452_Heba Ehab',0.9993185997009277,'211001452_Heba Ehab',0.999998927116394,'211001452_Heba Ehab',1,'211001452_Heba Ehab',100,'/media/temp/tmpu7eniwxj.jpg',NULL,'0'),(84,'[2002, 1628, 188, 222]',0.9999821186065674,'WhatsApp_Image_2023-10-15_at_2.44.42_PM_1.jpeg','211002717_Heba Hammam',0.35689207911491394,'211002717_Heba Hammam',0.9898024201393127,'211000151_Bassant Gamal Eldin',0.9748733639717102,'211002717_Heba Hammam',100,'/media/temp/tmp1vzfazas.jpg',NULL,'0'),(85,'[1848, 1392, 140, 177]',0.9998036026954651,'WhatsApp_Image_2023-10-15_at_2.44.42_PM_2.jpeg','211011070_Jana Ossama',0.9960087537765503,'211011070_Jana Ossama',0.9797613620758057,'211011070_Jana Ossama',1,'211011070_Jana Ossama',100,'/media/temp/tmpi_vzs8i6.jpg',NULL,'0'),(86,'[2839, 1612, 192, 240]',0.999996542930603,'WhatsApp_Image_2023-10-15_at_1.45.30_PM.jpeg','211003023_Jannah Walid',0.9942675828933716,'211003023_Jannah Walid',0.9999979734420776,'212001215_Sara Alaa',0.9068943858146667,'211003023_Jannah Walid',100,'/media/temp/tmpaa7f388d.jpg',NULL,'0'),(87,'[994, 1779, 336, 369]',0.9985595345497131,'WhatsApp_Image_2023-10-16_at_2.32.22_PM_1.jpeg','211002333_Jasmin Hassan',0.9968734383583069,'211002333_Jasmin Hassan',0.9996092915534973,'211000551_Farah Alian',0.8142209053039551,'211002333_Jasmin Hassan',100,'/media/temp/tmpwoh11q3z.jpg',NULL,'0'),(88,'[2866, 1147, 86, 103]',0.9970069527626038,'WhatsApp_Image_2023-10-16_at_2.32.22_PM.jpeg','211003661_Jessica Mashally',0.9304275512695312,'211003661_Jessica Mashally',0.9988786578178406,'211008086_Nour Mohsen',0.7681488990783691,'211003661_Jessica Mashally',100,'/media/temp/tmpg36kxnn_.jpg',NULL,'0'),(89,'[1409, 1649, 200, 269]',0.999981164932251,'WhatsApp_Image_2023-10-15_at_2.44.42_PM_1.jpeg','211001707_Karim Hashim',0.9574182629585266,'211001707_Karim Hashim',0.9920107126235962,'211001707_Karim Hashim',0.5264286994934082,'211001707_Karim Hashim',100,'/media/temp/tmphsuwglmd.jpg',NULL,'0'),(90,'[3241, 1178, 192, 219]',0.9998735189437866,'WhatsApp_Image_2023-10-15_at_1.45.30_PM.jpeg','211001676_Kerolous Youssef',0.999313235282898,'211001676_Kerolous Youssef',0.9999959468841553,'211001676_Kerolous Youssef',1,'211001676_Kerolous Youssef',100,'/media/temp/tmp29oyeb4t.jpg',NULL,'0'),(91,'[2959, 1206, 177, 220]',0.9999797344207764,'WhatsApp_Image_2023-10-15_at_1.45.30_PM.jpeg','211010944_Kirollos William',0.8905701637268066,'211010944_Kirollos William',0.9999043941497803,'211010944_Kirollos William',0.9979041814804077,'211010944_Kirollos William',100,'/media/temp/tmpjqmgdbtj.jpg',NULL,'0'),(92,'[3478, 1240, 126, 166]',0.9996254444122314,'WhatsApp_Image_2023-10-15_at_1.45.30_PM.jpeg','211011261_Lougin Shady',0.23766635358333588,'211011261_Lougin Shady',0.36286649107933044,'211000720_Ponsieh Samer',0.9434467554092407,'211011261_Lougin Shady',100,'/media/temp/tmpm53zci_r.jpg',NULL,'0'),(93,'[2231, 1402, 137, 169]',0.9999995231628418,'WhatsApp_Image_2023-10-15_at_2.44.42_PM_2.jpeg','211003737_Manar Shahin',0.9994538426399231,'211003737_Manar Shahin',0.9960924983024597,'211003737_Manar Shahin',1,'211003737_Manar Shahin',100,'/media/temp/tmpwkrnbr04.jpg',NULL,'0'),(94,'[3530, 838, 125, 163]',0.9995157718658447,'WhatsApp_Image_2023-10-15_at_1.45.30_PM.jpeg','212001020_Hamza Badawy',0.28884175419807434,'211000137_Marwan Elkordy',0.9143238663673401,'211003760_Sarah El Kerdawi',0.5382030606269836,'211000137_Marwan Elkordy',100,'/media/temp/tmpx0hlzvht.jpg',NULL,'0'),(95,'[2619, 1345, 145, 176]',0.9993714690208435,'WhatsApp_Image_2023-10-16_at_2.32.22_PM.jpeg','211000898_Maryam Sabry',0.9984309077262878,'211000898_Maryam Sabry',0.8816484212875366,'211000898_Maryam Sabry',0.6702117323875427,'211000898_Maryam Sabry',100,'/media/temp/tmph3bim43a.jpg',NULL,'0'),(96,'[2118, 1056, 66, 83]',0.9997218251228333,'WhatsApp_Image_2023-10-16_at_2.31.49_PM.jpeg','211000712_Mazin Bahnasy',0.9479932188987732,'211000712_Mazin Bahnasy',0.9999349117279053,'211011152_Abdelrahman Ashour',0.9895622134208679,'211000712_Mazin Bahnasy',100,'/media/temp/tmpd02lwtxp.jpg',NULL,'0'),(97,'[1186, 1388, 141, 187]',0.9990386962890625,'WhatsApp_Image_2023-10-15_at_2.44.42_PM_1.jpeg','211000104_Menna Elswefy',0.5926789045333862,'211000104_Menna Elswefy',0.2236352413892746,'211000104_Menna Elswefy',0.9999994039535522,'211000104_Menna Elswefy',100,'/media/temp/tmpw5az1i92.jpg',NULL,'0'),(98,'[2069, 1255, 316, 386]',0.9990798234939575,'WhatsApp_Image_2023-10-16_at_2.32.21_PM.jpeg','211000593_Menna Refaat',0.9976288676261902,'211000593_Menna Refaat',0.9986010193824768,'211000593_Menna Refaat',1,'211000593_Menna Refaat',100,'/media/temp/tmpged9becw.jpg',NULL,'0'),(99,'[819, 1511, 164, 215]',0.9999982118606567,'WhatsApp_Image_2023-10-16_at_2.32.22_PM.jpeg','211003011_Menna Sabry',0.9996566772460938,'211003011_Menna Sabry',0.9998558759689331,'211003011_Menna Sabry',1,'211003011_Menna Sabry',100,'/media/temp/tmpp2ybs7sv.jpg',NULL,'0'),(100,'[3307, 1611, 174, 209]',0.99997878074646,'WhatsApp_Image_2023-10-15_at_2.44.42_PM_1.jpeg','211008767_Merna Nasser',0.9051418900489807,'211008767_Merna Nasser',0.9085885882377625,'211008767_Merna Nasser',0.9999699592590332,'211008767_Merna Nasser',100,'/media/temp/tmpm9gta134.jpg',NULL,'0'),(101,'[1779, 1771, 173, 212]',0.9999679327011108,'WhatsApp_Image_2023-10-15_at_2.44.42_PM_2.jpeg','212001377_Mohamed Hatem',0.9986584186553955,'212001377_Mohamed Hatem',0.9999996423721313,'212001377_Mohamed Hatem',0.9990172386169434,'212001377_Mohamed Hatem',100,'/media/temp/tmpqtatqhxr.jpg',NULL,'0'),(102,'[3040, 1054, 91, 112]',0.9999114274978638,'WhatsApp_Image_2023-10-15_at_2.44.42_PM_1.jpeg','211011153_Ahmed Gabr',0.6421077251434326,'211003523_Ahmed Khamis',0.577448308467865,'211000784_Mohamed Ossama',0.9687447547912598,'211000784_Mohamed Ossama',100,'/media/temp/tmprf8jlazm.jpg',NULL,'0'),(103,'[1634, 1126, 83, 101]',0.999962329864502,'WhatsApp_Image_2023-10-16_at_2.32.22_PM_1.jpeg','211000858_Nermine Essam',0.9836335778236389,'211000858_Nermine Essam',0.9685751795768738,'211000858_Nermine Essam',0.9984748959541321,'211000858_Nermine Essam',100,'/media/temp/tmpms2inv38.jpg',NULL,'0'),(104,'[3484, 1118, 84, 102]',0.9995916485786438,'WhatsApp_Image_2023-10-16_at_2.32.22_PM.jpeg','211000649_Nourhan Zanaty',0.7192135453224182,'211000649_Nourhan Zanaty',0.9362170696258545,'211002997_Ahmed Attiah',0.999988317489624,'211000649_Nourhan Zanaty',100,'/media/temp/tmpv2ou4s25.jpg',NULL,'0'),(105,'[721, 925, 87, 102]',0.9998165965080261,'WhatsApp_Image_2023-10-15_at_2.44.42_PM_1.jpeg','211008096_Omar Ossama',0.5355729460716248,'211008096_Omar Ossama',0.9993696808815002,'211008096_Omar Ossama',0.9999985694885254,'211008096_Omar Ossama',100,'/media/temp/tmpq1lyaw78.jpg',NULL,'0'),(106,'[1154, 903, 63, 82]',0.9995644688606262,'WhatsApp_Image_2023-10-15_at_2.44.42_PM_1.jpeg','211001927_Hanin Zahran',0.3906881809234619,'211003775_Ammar Yasser',0.39974626898765564,'211000720_Ponsieh Samer',0.9881021976470947,'211000720_Ponsieh Samer',100,'/media/temp/tmp_7huifdc.jpg',NULL,'0'),(107,'[3789, 1603, 177, 222]',0.9998817443847656,'WhatsApp_Image_2023-10-15_at_1.45.30_PM.jpeg','211000053_Rahaf Ibrahim',0.9204719662666321,'211000053_Rahaf Ibrahim',0.7542807459831238,'211001167_Mostafa Ashraf',0.9416768550872803,'211000053_Rahaf Ibrahim',100,'/media/temp/tmpcdpvxwsn.jpg',NULL,'0'),(108,'[2916, 1606, 125, 176]',0.9998855590820312,'WhatsApp_Image_2023-10-15_at_2.44.42_PM_2.jpeg','211011237_Reeman Elsayed',0.41271674633026123,'211010358_Arwah Saleh',0.6660252213478088,'211002669_Ranah Elsayed',0.9781681895256042,'211002669_Ranah Elsayed',100,'/media/temp/tmpasg68e12.jpg',NULL,'0'),(109,'[381, 734, 84, 101]',0.999721348285675,'WhatsApp_Image_2023-10-15_at_2.44.42_PM_1.jpeg','211010161_Salah Koriem',0.9994944334030151,'211010161_Salah Koriem',0.9937646389007568,'211010161_Salah Koriem',0.9999523162841797,'211010161_Salah Koriem',100,'/media/temp/tmp6iy9c1tt.jpg',NULL,'0'),(110,'[1152, 1448, 162, 195]',0.9999032020568848,'WhatsApp_Image_2023-10-16_at_2.32.22_PM.jpeg','211008694_Sarah Harmoush',0.9781248569488525,'211008694_Sarah Harmoush',0.8924558758735657,'211003630_Yassmin Kandil',0.9857256412506104,'211008694_Sarah Harmoush',100,'/media/temp/tmp_6q3owku.jpg',NULL,'0'),(111,'[3638, 1870, 232, 297]',0.9992443323135376,'WhatsApp_Image_2023-10-15_at_1.45.30_PM.jpeg','211011273_Shahd Roushdy',0.9993230104446411,'211011273_Shahd Roushdy',0.9804835319519043,'211000378_Reem Hafez',0.9940961599349976,'211011273_Shahd Roushdy',100,'/media/temp/tmpmh82okmp.jpg',NULL,'0'),(112,'[1997, 1544, 205, 237]',0.9999219179153442,'WhatsApp_Image_2023-10-16_at_2.32.22_PM.jpeg','211002967_Solan Amgad',0.999916672706604,'211002967_Solan Amgad',0.9998855590820312,'211002967_Solan Amgad',1,'211002967_Solan Amgad',100,'/media/temp/tmplq9sbtl0.jpg',NULL,'0'),(113,'[2555, 1162, 113, 134]',0.9996583461761475,'WhatsApp_Image_2023-10-16_at_2.32.22_PM_1.jpeg','211001492_Tya Yasser',0.9897531270980835,'211001492_Tya Yasser',0.8380634784698486,'211001492_Tya Yasser',0.9999998807907104,'211001492_Tya Yasser',100,'/media/temp/tmpth6nntjx.jpg',NULL,'0'),(114,'[3684, 997, 126, 157]',0.9997896552085876,'WhatsApp_Image_2023-10-15_at_1.45.30_PM.jpeg','211003768_Wesal Diyaa',0.6856632232666016,'211011070_Jana Ossama',0.42150893807411194,'211003768_Wesal Diyaa',0.999951958656311,'211003768_Wesal Diyaa',100,'/media/temp/tmphhypbc2e.jpg',NULL,'0'),(115,'[1634, 906, 85, 100]',0.9993451237678528,'WhatsApp_Image_2023-10-15_at_2.44.42_PM_1.jpeg','211010753_Yassin Kafrawy',0.9705495238304138,'211010753_Yassin Kafrawy',0.9997426867485046,'211010753_Yassin Kafrawy',0.9888210296630859,'211010753_Yassin Kafrawy',100,'/media/temp/tmpzax5hh5w.jpg',NULL,'0'),(116,'[2444, 766, 106, 132]',0.9995736479759216,'WhatsApp_Image_2023-10-15_at_1.45.30_PM.jpeg','211002262_Yousef Imam',0.9910270571708679,'211002262_Yousef Imam',0.9981437921524048,'211002669_Ranah Elsayed',0.6573115587234497,'211002262_Yousef Imam',100,'/media/temp/tmphicg1y7_.jpg',NULL,'0'),(117,'[2098, 1216, 168, 210]',0.9999593496322632,'WhatsApp_Image_2023-10-15_at_1.45.30_PM.jpeg','211010968_Youssef Ali',0.7995753288269043,'211010968_Youssef Ali',0.9300191402435303,'211000869_Walid Bahlol',0.511114239692688,'211010968_Youssef Ali',100,'/media/temp/tmphp8tdb87.jpg',NULL,'0'),(118,'[3748, 944, 83, 93]',0.9944504499435425,'WhatsApp_Image_2023-10-16_at_2.32.22_PM_1.jpeg','211007008_Youssef Ettman',0.5782123804092407,'211007008_Youssef Ettman',0.8278207182884216,'211011174_Baraa Hamdy',0.6935601234436035,'211007008_Youssef Ettman',100,'/media/temp/tmp1h20l9wi.jpg',NULL,'0'),(119,'[3693, 1227, 153, 175]',0.9998183846473694,'WhatsApp_Image_2023-10-15_at_2.44.42_PM_1.jpeg','211011276_Abdallah Hisham',0.949688196182251,'211011276_Abdallah Hisham',0.9975838661193848,'211011276_Abdallah Hisham',1,'211011276_Abdallah Hisham',101,'/media/temp/tmpxi6srfhd.jpg',NULL,'0'),(120,'[2441, 1299, 98, 117]',0.9999494552612305,'WhatsApp_Image_2023-10-17_at_12.49.13_PM.jpeg','211003626_Abdallah Salman',0.9998637437820435,'211003626_Abdallah Salman',0.99982088804245,'211003626_Abdallah Salman',0.9999701976776123,'211003626_Abdallah Salman',101,'/media/temp/tmphmgn1ga0.jpg',NULL,'0'),(121,'[1220, 1392, 67, 75]',0.9999831914901733,'WhatsApp_Image_2023-10-17_at_12.49.19_PM_1.jpeg','211002432_Youssef Sherif',0.3421792685985565,'211011032_Abdel Rahman Farid',0.41212204098701477,'211003497_Abdel Rahman Hegazy',0.9904423356056213,'211003497_Abdel Rahman Hegazy',101,'/media/temp/tmp3swb8gu2.jpg',NULL,'0'),(122,'[1422, 1493, 72, 86]',0.9999308586120605,'WhatsApp_Image_2023-10-17_at_12.49.19_PM_1.jpeg','211011145_Abdel Rahman Saniour',0.998765230178833,'211011145_Abdel Rahman Saniour',0.8133068084716797,'211011145_Abdel Rahman Saniour',1,'211011145_Abdel Rahman Saniour',101,'/media/temp/tmppqogzxsn.jpg',NULL,'0'),(123,'[2362, 1237, 179, 219]',0.9973757266998291,'WhatsApp_Image_2023-10-15_at_1.45.30_PM.jpeg','211000072_Ahmed Agawany',0.9985935091972351,'211000072_Ahmed Agawany',0.9995291233062744,'211000072_Ahmed Agawany',0.9847038984298706,'211000072_Ahmed Agawany',101,'/media/temp/tmp79x1vmpd.jpg',NULL,'0'),(124,'[2394, 1322, 50, 66]',0.9979711174964905,'WhatsApp_Image_2023-10-17_at_12.49.19_PM_1.jpeg','211011222_Omar El Dakkak',0.7628585696220398,'211000535_Hanaa Islam',0.6664577722549438,'211011153_Ahmed Gabr',0.9998693466186523,'211011153_Ahmed Gabr',101,'/media/temp/tmpvgghw5xf.jpg',NULL,'0'),(125,'[2878, 1050, 65, 77]',0.9995793700218201,'WhatsApp_Image_2023-10-16_at_2.31.49_PM.jpeg','211003523_Ahmed Khamis',0.9991006851196289,'211003523_Ahmed Khamis',0.9999898672103882,'211003497_Abdel Rahman Hegazy',0.9993547797203064,'211003523_Ahmed Khamis',101,'/media/temp/tmpkt5ntfsi.jpg',NULL,'0'),(126,'[1994, 886, 82, 89]',0.9999489784240723,'WhatsApp_Image_2023-10-15_at_2.44.42_PM_1.jpeg','211011225_Ahmed Sherief',0.6341282725334167,'211011225_Ahmed Sherief',0.6966267824172974,'20100297_Ahmed Yasser',0.9932872653007507,'211011225_Ahmed Sherief',101,'/media/temp/tmpw3gp90up.jpg',NULL,'0'),(127,'[1141, 1708, 174, 216]',0.9999319314956665,'WhatsApp_Image_2023-10-17_at_12.49.19_PM.jpeg','20100297_Ahmed Yasser',0.987511157989502,'20100297_Ahmed Yasser',0.9998738765716553,'20100297_Ahmed Yasser',1,'20100297_Ahmed Yasser',101,'/media/temp/tmpon2km97j.jpg',NULL,'0'),(128,'[941, 1609, 113, 124]',0.9994588494300842,'WhatsApp_Image_2023-10-17_at_12.49.19_PM.jpeg','211000422_Hana Elserafy',0.6473330855369568,'211003630_Yassmin Kandil',0.3398670554161072,'211010773_Ashrakat Hussien',0.957089900970459,'211010773_Ashrakat Hussien',101,'/media/temp/tmp40a2lrmu.jpg',NULL,'0'),(129,'[2776, 1527, 159, 205]',0.9995198249816895,'WhatsApp_Image_2023-10-17_at_12.49.13_PM.jpeg','212001084_Assem Mohamed',0.9912577867507935,'212001084_Assem Mohamed',0.9925923943519592,'212001084_Assem Mohamed',1,'212001084_Assem Mohamed',101,'/media/temp/tmp469z6ds6.jpg',NULL,'0'),(130,'[2174, 1000, 80, 97]',0.998511016368866,'WhatsApp_Image_2023-10-15_at_2.44.42_PM_1.jpeg','211011174_Baraa Hamdy',0.9758860468864441,'211011174_Baraa Hamdy',0.9289276003837585,'211011174_Baraa Hamdy',0.9726732969284058,'211011174_Baraa Hamdy',101,'/media/temp/tmp3p50x3ng.jpg',NULL,'0'),(131,'[2306, 1590, 85, 109]',0.99992835521698,'WhatsApp_Image_2023-10-17_at_12.49.19_PM.jpeg','211000151_Bassant Gamal Eldin',0.9992333650588989,'211000151_Bassant Gamal Eldin',0.9998440742492676,'211000151_Bassant Gamal Eldin',1,'211000151_Bassant Gamal Eldin',101,'/media/temp/tmpltwt07kw.jpg',NULL,'0'),(132,'[1706, 1561, 85, 111]',0.9999886751174927,'WhatsApp_Image_2023-10-17_at_12.49.19_PM_1.jpeg','211003183_Donia Mohamed',0.8288178443908691,'211003183_Donia Mohamed',0.9523310661315918,'211003183_Donia Mohamed',0.7825206518173218,'211003183_Donia Mohamed',101,'/media/temp/tmptit6paxw.jpg',NULL,'0'),(133,'[334, 1368, 84, 97]',0.9998903274536133,'WhatsApp_Image_2023-10-17_at_12.49.13_PM.jpeg','211003418_Ehab Saber',0.9966103434562683,'211003418_Ehab Saber',0.9999067783355713,'211003775_Ammar Yasser',0.9448620080947876,'211003418_Ehab Saber',101,'/media/temp/tmpc29dg1ht.jpg',NULL,'0'),(134,'[379, 896, 89, 107]',0.9999743700027466,'WhatsApp_Image_2023-10-15_at_2.44.42_PM_1.jpeg','212000100_Adham Ahmed',0.9996249675750732,'211010753_Yassin Kafrawy',0.34954938292503357,'211010842_Eyad Gamal',0.9999737739562988,'211010842_Eyad Gamal',101,'/media/temp/tmpvck3v_8d.jpg',NULL,'0'),(135,'[1656, 1305, 202, 244]',0.9999549388885498,'WhatsApp_Image_2023-10-15_at_1.45.30_PM.jpeg','211003042_Mahmoud Ossama',0.6358797550201416,'211000798_Fliopater Gadallah',0.6859883069992065,'211000798_Fliopater Gadallah',1,'211000798_Fliopater Gadallah',101,'/media/temp/tmp8_olfg00.jpg',NULL,'0'),(136,'[1067, 920, 92, 109]',0.9999974966049194,'WhatsApp_Image_2023-10-15_at_2.44.42_PM_1.jpeg','212001020_Hamza Badawy',0.9999938011169434,'212001020_Hamza Badawy',0.9944117665290833,'212001020_Hamza Badawy',0.9999998807907104,'212001020_Hamza Badawy',101,'/media/temp/tmpo5wmtp39.jpg',NULL,'0'),(137,'[2610, 1358, 61, 76]',0.9998237490653992,'WhatsApp_Image_2023-10-17_at_12.49.19_PM_1.jpeg','211000898_Maryam Sabry',0.6544328331947327,'211000535_Hanaa Islam',0.8313448429107666,'211000535_Hanaa Islam',0.6676270365715027,'211000535_Hanaa Islam',101,'/media/temp/tmpw95zgbu9.jpg',NULL,'0'),(138,'[2376, 2295, 226, 285]',0.999984860420227,'WhatsApp_Image_2023-10-15_at_1.45.30_PM.jpeg','211001927_Hanin Zahran',0.998648464679718,'211001927_Hanin Zahran',0.9921283721923828,'212001377_Mohamed Hatem',0.9913545250892639,'211001927_Hanin Zahran',101,'/media/temp/tmpe8wwhzph.jpg',NULL,'0'),(139,'[802, 1553, 128, 177]',0.985131561756134,'WhatsApp_Image_2023-10-17_at_12.49.13_PM.jpeg','211001452_Heba Ehab',0.9979705214500427,'211001452_Heba Ehab',0.9459715485572815,'211001452_Heba Ehab',0.7122344970703125,'211001452_Heba Ehab',101,'/media/temp/tmpepoz1an4.jpg',NULL,'0'),(140,'[2002, 1628, 188, 222]',0.9999821186065674,'WhatsApp_Image_2023-10-15_at_2.44.42_PM_1.jpeg','211002717_Heba Hammam',0.3572222888469696,'211002717_Heba Hammam',0.9898091554641724,'211000151_Bassant Gamal Eldin',0.9750047326087952,'211002717_Heba Hammam',101,'/media/temp/tmptgp5sxbb.jpg',NULL,'0'),(141,'[2839, 1612, 192, 240]',0.999996542930603,'WhatsApp_Image_2023-10-15_at_1.45.30_PM.jpeg','211003023_Jannah Walid',0.9942521452903748,'211003023_Jannah Walid',0.9999979734420776,'212001215_Sara Alaa',0.9068945646286011,'211003023_Jannah Walid',101,'/media/temp/tmpm8p5z2l3.jpg',NULL,'0'),(142,'[1228, 1501, 76, 88]',0.9998748302459717,'WhatsApp_Image_2023-10-17_at_12.49.19_PM.jpeg','211002333_Jasmin Hassan',0.9503026008605957,'211002333_Jasmin Hassan',0.9726179242134094,'212001112_Maryam Hammam',0.9211572408676147,'211002333_Jasmin Hassan',101,'/media/temp/tmpxu1g9fpp.jpg',NULL,'0'),(143,'[3436, 1328, 59, 73]',0.998599112033844,'WhatsApp_Image_2023-10-17_at_12.49.19_PM_1.jpeg','211008843_John Nabil',0.9976314306259155,'211008843_John Nabil',0.9993836879730225,'211000784_Mohamed Ossama',0.6499267220497131,'211008843_John Nabil',101,'/media/temp/tmpy5xwfcbr.jpg',NULL,'0'),(144,'[1409, 1649, 200, 269]',0.999981164932251,'WhatsApp_Image_2023-10-15_at_2.44.42_PM_1.jpeg','211001707_Karim Hashim',0.9574236273765564,'211001707_Karim Hashim',0.9920068383216858,'211001707_Karim Hashim',0.5264286994934082,'211001707_Karim Hashim',101,'/media/temp/tmp4swa5b7f.jpg',NULL,'0'),(145,'[2715, 1405, 93, 118]',0.9999961853027344,'WhatsApp_Image_2023-10-17_at_12.49.19_PM_1.jpeg','211002699_Karim Shaalan',0.9998631477355957,'211002699_Karim Shaalan',0.9998791217803955,'211002699_Karim Shaalan',0.9991157650947571,'211002699_Karim Shaalan',101,'/media/temp/tmpyoi_8qtk.jpg',NULL,'0'),(146,'[3241, 1178, 192, 219]',0.9998732805252075,'WhatsApp_Image_2023-10-15_at_1.45.30_PM.jpeg','211001676_Kerolous Youssef',0.9993122816085815,'211001676_Kerolous Youssef',0.9999959468841553,'211001676_Kerolous Youssef',1,'211001676_Kerolous Youssef',101,'/media/temp/tmp3cvx4hok.jpg',NULL,'0'),(147,'[964, 1526, 81, 107]',0.9998515844345093,'WhatsApp_Image_2023-10-17_at_12.49.19_PM_1.jpeg','211011119_Khalid Essam',0.7662807703018188,'211011119_Khalid Essam',0.43830251693725586,'211003497_Abdel Rahman Hegazy',1,'211011119_Khalid Essam',101,'/media/temp/tmpin5xowrx.jpg',NULL,'0'),(148,'[2959, 1206, 177, 220]',0.9999797344207764,'WhatsApp_Image_2023-10-15_at_1.45.30_PM.jpeg','211010944_Kirollos William',0.8906261324882507,'211010944_Kirollos William',0.9999041557312012,'211010944_Kirollos William',0.9979041814804077,'211010944_Kirollos William',101,'/media/temp/tmpnbu3rhr0.jpg',NULL,'0'),(149,'[2475, 1685, 165, 203]',0.9999333620071411,'WhatsApp_Image_2023-10-17_at_12.49.19_PM_1.jpeg','211011261_Lougin Shady',0.9997661709785461,'211011261_Lougin Shady',0.9999926090240479,'211000053_Rahaf Ibrahim',0.999885082244873,'211011261_Lougin Shady',101,'/media/temp/tmphfbd0lkk.jpg',NULL,'0'),(150,'[3427, 1451, 120, 135]',0.9993523955345154,'WhatsApp_Image_2023-10-17_at_12.49.19_PM_1.jpeg','211000053_Rahaf Ibrahim',0.5228896737098694,'211000547_Merna Khalid',0.8298286199569702,'211003889_Mahmoud Yehia',0.8967192769050598,'211003889_Mahmoud Yehia',101,'/media/temp/tmplyvqnslu.jpg',NULL,'0'),(151,'[3530, 838, 125, 163]',0.9995158910751343,'WhatsApp_Image_2023-10-15_at_1.45.30_PM.jpeg','212001020_Hamza Badawy',0.2893395721912384,'211000137_Marwan Elkordy',0.9141314029693604,'211003760_Sarah El Kerdawi',0.538184404373169,'211000137_Marwan Elkordy',101,'/media/temp/tmpsaqscxjd.jpg',NULL,'0'),(152,'[701, 1752, 114, 143]',0.9986718893051147,'WhatsApp_Image_2023-10-17_at_12.49.19_PM.jpeg','211011097_Maryam Shaltout',0.9132910966873169,'211011097_Maryam Shaltout',0.4608990550041199,'211011097_Maryam Shaltout',0.9996311664581299,'211011097_Maryam Shaltout',101,'/media/temp/tmpawx9ja12.jpg',NULL,'0'),(153,'[2118, 1056, 66, 83]',0.9997221827507019,'WhatsApp_Image_2023-10-16_at_2.31.49_PM.jpeg','211000712_Mazin Bahnasy',0.9479416608810425,'211000712_Mazin Bahnasy',0.9999347925186157,'211011152_Abdelrahman Ashour',0.9895667433738708,'211000712_Mazin Bahnasy',101,'/media/temp/tmpevs0vqlg.jpg',NULL,'0'),(154,'[1186, 1388, 141, 187]',0.9990398287773132,'WhatsApp_Image_2023-10-15_at_2.44.42_PM_1.jpeg','211000104_Menna Elswefy',0.5927555561065674,'211000104_Menna Elswefy',0.22318580746650696,'211000104_Menna Elswefy',0.9999994039535522,'211000104_Menna Elswefy',101,'/media/temp/tmpn_kjq180.jpg',NULL,'0'),(155,'[84, 1801, 165, 215]',0.99985671043396,'WhatsApp_Image_2023-10-17_at_12.49.19_PM.jpeg','211003011_Menna Sabry',0.9650918245315552,'211003011_Menna Sabry',0.9803435802459717,'211003011_Menna Sabry',1,'211003011_Menna Sabry',101,'/media/temp/tmpe3ozb8ma.jpg',NULL,'0'),(156,'[3307, 1611, 174, 209]',0.99997878074646,'WhatsApp_Image_2023-10-15_at_2.44.42_PM_1.jpeg','211008767_Merna Nasser',0.9050859212875366,'211008767_Merna Nasser',0.9084344506263733,'211008767_Merna Nasser',0.9999699592590332,'211008767_Merna Nasser',101,'/media/temp/tmpx724wrnq.jpg',NULL,'0'),(157,'[3040, 1054, 91, 112]',0.9999115467071533,'WhatsApp_Image_2023-10-15_at_2.44.42_PM_1.jpeg','211011153_Ahmed Gabr',0.6414149403572083,'211003523_Ahmed Khamis',0.5769011378288269,'211000784_Mohamed Ossama',0.9687118530273438,'211000784_Mohamed Ossama',101,'/media/temp/tmplz671bpo.jpg',NULL,'0'),(158,'[2120, 1697, 192, 246]',0.9998582601547241,'WhatsApp_Image_2023-10-17_at_12.49.13_PM.jpeg','211001167_Mostafa Ashraf',0.9999631643295288,'211001167_Mostafa Ashraf',1,'211001167_Mostafa Ashraf',0.9999990463256836,'211001167_Mostafa Ashraf',101,'/media/temp/tmpc0ujglt5.jpg',NULL,'0'),(159,'[2598, 1355, 108, 132]',0.9998822212219238,'WhatsApp_Image_2023-10-17_at_12.49.13_PM.jpeg','211008839_Mostafa Serah',0.9977002739906311,'211008839_Mostafa Serah',0.9996280670166016,'211003889_Mahmoud Yehia',0.981727123260498,'211008839_Mostafa Serah',101,'/media/temp/tmp2lkpx9ay.jpg',NULL,'0'),(160,'[160, 1479, 96, 120]',0.999723494052887,'WhatsApp_Image_2023-10-17_at_12.49.13_PM.jpeg','211000649_Nourhan Zanaty',0.9943022727966309,'211000649_Nourhan Zanaty',0.9407870769500732,'211000649_Nourhan Zanaty',0.8799318075180054,'211000649_Nourhan Zanaty',101,'/media/temp/tmpb9osu76_.jpg',NULL,'0'),(161,'[721, 925, 87, 102]',0.9998168349266052,'WhatsApp_Image_2023-10-15_at_2.44.42_PM_1.jpeg','211008096_Omar Ossama',0.5356964468955994,'211008096_Omar Ossama',0.9993686079978943,'211008096_Omar Ossama',0.9999985694885254,'211008096_Omar Ossama',101,'/media/temp/tmpqautz5bc.jpg',NULL,'0'),(162,'[3478, 1239, 126, 167]',0.9996249675750732,'WhatsApp_Image_2023-10-15_at_1.45.30_PM.jpeg','211011261_Lougin Shady',0.1979486346244812,'211011070_Jana Ossama',0.32939109206199646,'211000720_Ponsieh Samer',0.8765575289726257,'211000720_Ponsieh Samer',101,'/media/temp/tmp7_i09d7c.jpg',NULL,'0'),(163,'[3789, 1603, 177, 222]',0.9998817443847656,'WhatsApp_Image_2023-10-15_at_1.45.30_PM.jpeg','211000053_Rahaf Ibrahim',0.9205417633056641,'211000053_Rahaf Ibrahim',0.7530065774917603,'211001167_Mostafa Ashraf',0.9416547417640686,'211000053_Rahaf Ibrahim',101,'/media/temp/tmps5l2vsm6.jpg',NULL,'0'),(164,'[2182, 2069, 226, 287]',0.9999841451644897,'WhatsApp_Image_2023-10-17_at_12.49.19_PM.jpeg','211008088_Rana Yasser',0.9999780654907227,'211008088_Rana Yasser',0.9923858642578125,'211008088_Rana Yasser',0.9971261620521545,'211008088_Rana Yasser',101,'/media/temp/tmpz8ikncf7.jpg',NULL,'0'),(165,'[850, 1499, 80, 91]',0.9998899698257446,'WhatsApp_Image_2023-10-17_at_12.49.19_PM.jpeg','211000768_Renad Ashraf',0.9926782846450806,'211000768_Renad Ashraf',0.9999759197235107,'212001377_Mohamed Hatem',0.9999725818634033,'211000768_Renad Ashraf',101,'/media/temp/tmp4g9pakkq.jpg',NULL,'0'),(166,'[381, 734, 84, 101]',0.9997212290763855,'WhatsApp_Image_2023-10-15_at_2.44.42_PM_1.jpeg','211010161_Salah Koriem',0.9994951486587524,'211010161_Salah Koriem',0.9937565326690674,'211010161_Salah Koriem',0.9999523162841797,'211010161_Salah Koriem',101,'/media/temp/tmpfxcov5m0.jpg',NULL,'0'),(167,'[2141, 1350, 52, 65]',0.9998620748519897,'WhatsApp_Image_2023-10-17_at_12.49.19_PM_1.jpeg','211010960_Saleh Mohamed',0.9946520328521729,'211010960_Saleh Mohamed',0.9971730709075928,'211010960_Saleh Mohamed',0.9992610812187195,'211010960_Saleh Mohamed',101,'/media/temp/tmpe3fs_9yf.jpg',NULL,'0'),(168,'[3545, 1524, 122, 165]',0.9998981952667236,'WhatsApp_Image_2023-10-17_at_12.49.19_PM.jpeg','211008694_Sarah Harmoush',0.9374426603317261,'211008694_Sarah Harmoush',0.7846104502677917,'211008694_Sarah Harmoush',0.9988235831260681,'211008694_Sarah Harmoush',101,'/media/temp/tmpy1_2dki1.jpg',NULL,'0'),(169,'[3638, 1870, 232, 297]',0.9992444515228271,'WhatsApp_Image_2023-10-15_at_1.45.30_PM.jpeg','211011273_Shahd Roushdy',0.9993240833282471,'211011273_Shahd Roushdy',0.9805066585540771,'211000378_Reem Hafez',0.9940955638885498,'211011273_Shahd Roushdy',101,'/media/temp/tmpg0nflceg.jpg',NULL,'0'),(170,'[846, 1413, 88, 108]',0.9997424483299255,'WhatsApp_Image_2023-10-17_at_12.49.13_PM.jpeg','211003336_Sherihan Hassan',0.9992921352386475,'211003336_Sherihan Hassan',0.9978235960006714,'211003548_Janna Younis',0.8988786339759827,'211003336_Sherihan Hassan',101,'/media/temp/tmpu4azqbbz.jpg',NULL,'0'),(171,'[1086, 1718, 182, 207]',0.9999722242355347,'WhatsApp_Image_2023-10-17_at_12.49.13_PM.jpeg','211002967_Solan Amgad',0.9992832541465759,'211002967_Solan Amgad',0.9993160963058472,'211002967_Solan Amgad',1,'211002967_Solan Amgad',101,'/media/temp/tmppm4aur0o.jpg',NULL,'0'),(172,'[3684, 997, 126, 157]',0.9997897744178772,'WhatsApp_Image_2023-10-15_at_1.45.30_PM.jpeg','211003768_Wesal Diyaa',0.6856052875518799,'211011070_Jana Ossama',0.42140528559684753,'211003768_Wesal Diyaa',0.9999520778656006,'211003768_Wesal Diyaa',101,'/media/temp/tmptfuhp3x1.jpg',NULL,'0'),(173,'[1634, 906, 85, 100]',0.9993444085121155,'WhatsApp_Image_2023-10-15_at_2.44.42_PM_1.jpeg','211010753_Yassin Kafrawy',0.9705348014831543,'211010753_Yassin Kafrawy',0.9997434020042419,'211010753_Yassin Kafrawy',0.9888210296630859,'211010753_Yassin Kafrawy',101,'/media/temp/tmpzculvm60.jpg',NULL,'0'),(174,'[2444, 766, 106, 132]',0.9995735287666321,'WhatsApp_Image_2023-10-15_at_1.45.30_PM.jpeg','211002262_Yousef Imam',0.9910282492637634,'211002262_Yousef Imam',0.9981484413146973,'211002669_Ranah Elsayed',0.6570719480514526,'211002262_Yousef Imam',101,'/media/temp/tmpto9ihvet.jpg',NULL,'0'),(175,'[2098, 1216, 168, 210]',0.9999593496322632,'WhatsApp_Image_2023-10-15_at_1.45.30_PM.jpeg','211010968_Youssef Ali',0.8003231883049011,'211010968_Youssef Ali',0.9301348328590393,'211000869_Walid Bahlol',0.5110284686088562,'211010968_Youssef Ali',101,'/media/temp/tmpy83m74qq.jpg',NULL,'0'),(176,'[1482, 1626, 120, 159]',0.9980552196502686,'WhatsApp_Image_2023-10-17_at_12.49.19_PM_1.jpeg','211010040_Zainab Ibrahim',0.9983447790145874,'211010040_Zainab Ibrahim',0.9998306035995483,'211010040_Zainab Ibrahim',1,'211010040_Zainab Ibrahim',101,'/media/temp/tmpgir_nh8f.jpg',NULL,'0'),(177,'[2362, 1237, 179, 219]',0.9973757266998291,'WhatsApp_Image_2023-10-15_at_1.45.30_PM_1.jpeg','211000072_Ahmed Agawany',0.9985935091972351,'211000072_Ahmed Agawany',0.9995291233062744,'211000072_Ahmed Agawany',0.9847038984298706,'211000072_Ahmed Agawany',102,'/media/temp/tmpug681zsk.jpg',NULL,'0'),(178,'[1721, 1249, 112, 144]',0.999957799911499,'WhatsApp_Image_2023-10-16_at_2.32.21_PM_6.jpeg','211003523_Ahmed Khamis',0.9967344403266907,'211003523_Ahmed Khamis',0.9999794960021973,'211003523_Ahmed Khamis',0.8069579005241394,'211003523_Ahmed Khamis',102,'/media/temp/tmpw0rmwz1o.jpg',NULL,'0'),(179,'[1338, 1448, 82, 102]',0.9722349047660828,'WhatsApp_Image_2023-10-16_at_2.32.21_PM_7.jpeg','211000559_Alaa Harraz',0.9772802591323853,'211000559_Alaa Harraz',0.9922497272491455,'211000559_Alaa Harraz',1,'211000559_Alaa Harraz',102,'/media/temp/tmpix7k_67j.jpg',NULL,'0'),(180,'[3862, 1346, 123, 147]',0.9984972476959229,'WhatsApp_Image_2023-10-16_at_2.32.21_PM_6.jpeg','211010773_Ashrakat Hussien',0.9986496567726135,'211010773_Ashrakat Hussien',0.9389379620552063,'211010773_Ashrakat Hussien',1,'211010773_Ashrakat Hussien',102,'/media/temp/tmplud42l4s.jpg',NULL,'0'),(181,'[1656, 1305, 202, 244]',0.9999549388885498,'WhatsApp_Image_2023-10-15_at_1.45.30_PM_1.jpeg','211003042_Mahmoud Ossama',0.6358797550201416,'211000798_Fliopater Gadallah',0.6859883069992065,'211000798_Fliopater Gadallah',1,'211000798_Fliopater Gadallah',102,'/media/temp/tmpe7c8p5xd.jpg',NULL,'0'),(182,'[2526, 1098, 71, 90]',0.9992730021476746,'WhatsApp_Image_2023-10-16_at_2.32.21_PM_7.jpeg','212001020_Hamza Badawy',0.9991490840911865,'212001020_Hamza Badawy',0.9910995364189148,'212001020_Hamza Badawy',1,'212001020_Hamza Badawy',102,'/media/temp/tmpl8yrbni5.jpg',NULL,'0'),(183,'[2376, 2295, 226, 285]',0.999984860420227,'WhatsApp_Image_2023-10-15_at_1.45.30_PM_1.jpeg','211001927_Hanin Zahran',0.998648464679718,'211001927_Hanin Zahran',0.9921283721923828,'212001377_Mohamed Hatem',0.9913545250892639,'211001927_Hanin Zahran',102,'/media/temp/tmp3n46g2yw.jpg',NULL,'0'),(184,'[2840, 1241, 131, 165]',0.9996125102043152,'WhatsApp_Image_2023-10-16_at_2.32.21_PM_6.jpeg','211000548_Hazim Mostafa',0.9988189339637756,'211000548_Hazim Mostafa',0.9573979377746582,'211000548_Hazim Mostafa',1,'211000548_Hazim Mostafa',102,'/media/temp/tmpebfgslz3.jpg',NULL,'0'),(185,'[3165, 1987, 349, 456]',0.9995324611663818,'WhatsApp_Image_2023-10-16_at_2.32.21_PM_6.jpeg','211002717_Heba Hammam',0.8612167835235596,'211002717_Heba Hammam',0.9997941851615906,'211000767_Mahmoud Attian',0.9576338529586792,'211002717_Heba Hammam',102,'/media/temp/tmp7fdwv1s6.jpg',NULL,'0'),(186,'[3456, 1383, 58, 75]',0.9997957348823547,'WhatsApp_Image_2023-10-16_at_2.32.05_PM_1.jpeg','211000649_Nourhan Zanaty',0.48300451040267944,'211000898_Maryam Sabry',0.29121652245521545,'211003548_Janna Younis',0.8685558438301086,'211003548_Janna Younis',102,'/media/temp/tmpt363libb.jpg',NULL,'0'),(187,'[2839, 1612, 192, 240]',0.999996542930603,'WhatsApp_Image_2023-10-15_at_1.45.30_PM_1.jpeg','211003023_Jannah Walid',0.9942521452903748,'211003023_Jannah Walid',0.9999979734420776,'212001215_Sara Alaa',0.9068945646286011,'211003023_Jannah Walid',102,'/media/temp/tmp6bzz1rjy.jpg',NULL,'0'),(188,'[3501, 1742, 257, 335]',0.9998719692230225,'WhatsApp_Image_2023-10-16_at_2.32.21_PM_6.jpeg','211001707_Karim Hashim',0.9978734254837036,'211001707_Karim Hashim',0.9995070695877075,'211000858_Nermine Essam',0.5312438011169434,'211001707_Karim Hashim',102,'/media/temp/tmp525bw87j.jpg',NULL,'0'),(189,'[3241, 1178, 192, 219]',0.9998732805252075,'WhatsApp_Image_2023-10-15_at_1.45.30_PM_1.jpeg','211001676_Kerolous Youssef',0.9993122816085815,'211001676_Kerolous Youssef',0.9999959468841553,'211001676_Kerolous Youssef',1,'211001676_Kerolous Youssef',102,'/media/temp/tmplsbx8ezk.jpg',NULL,'0'),(190,'[2959, 1206, 177, 220]',0.9999797344207764,'WhatsApp_Image_2023-10-15_at_1.45.30_PM_1.jpeg','211010944_Kirollos William',0.8906261324882507,'211010944_Kirollos William',0.9999041557312012,'211010944_Kirollos William',0.9979041814804077,'211010944_Kirollos William',102,'/media/temp/tmplffdi39c.jpg',NULL,'0'),(191,'[3856, 1378, 70, 82]',0.998802900314331,'WhatsApp_Image_2023-10-16_at_2.32.05_PM_1.jpeg','211000378_Reem Hafez',0.40837082266807556,'211003889_Mahmoud Yehia',0.8938862681388855,'211003889_Mahmoud Yehia',0.999817430973053,'211003889_Mahmoud Yehia',102,'/media/temp/tmp_l9fbo2m.jpg',NULL,'0'),(192,'[3530, 838, 125, 163]',0.9995158910751343,'WhatsApp_Image_2023-10-15_at_1.45.30_PM_1.jpeg','212001020_Hamza Badawy',0.2893395721912384,'211000137_Marwan Elkordy',0.9141314029693604,'211003760_Sarah El Kerdawi',0.538184404373169,'211000137_Marwan Elkordy',102,'/media/temp/tmpr6h6wwak.jpg',NULL,'0'),(193,'[2230, 1410, 103, 131]',0.9999918937683105,'WhatsApp_Image_2023-10-16_at_2.32.05_PM_1.jpeg','211000898_Maryam Sabry',0.9985048770904541,'211000898_Maryam Sabry',0.9999548196792603,'211000898_Maryam Sabry',0.9999942779541016,'211000898_Maryam Sabry',102,'/media/temp/tmp1hnpzx4g.jpg',NULL,'0'),(194,'[2118, 1056, 66, 83]',0.9997221827507019,'WhatsApp_Image_2023-10-16_at_2.31.49_PM_1.jpeg','211000712_Mazin Bahnasy',0.9479416608810425,'211000712_Mazin Bahnasy',0.9999347925186157,'211011152_Abdelrahman Ashour',0.9895667433738708,'211000712_Mazin Bahnasy',102,'/media/temp/tmp9r1b4a7c.jpg',NULL,'0'),(195,'[902, 1625, 230, 307]',0.9991681575775146,'WhatsApp_Image_2023-10-16_at_2.32.21_PM_6.jpeg','211000104_Menna Elswefy',0.9809581637382507,'211000104_Menna Elswefy',0.9000722169876099,'211000104_Menna Elswefy',1,'211000104_Menna Elswefy',102,'/media/temp/tmpx3ftjfrp.jpg',NULL,'0'),(196,'[2069, 1255, 316, 386]',0.9990798234939575,'WhatsApp_Image_2023-10-16_at_2.32.21_PM_9.jpeg','211000593_Menna Refaat',0.9976390600204468,'211000593_Menna Refaat',0.9986009001731873,'211000593_Menna Refaat',1,'211000593_Menna Refaat',102,'/media/temp/tmpz44gszd0.jpg',NULL,'0'),(197,'[1516, 1164, 82, 108]',0.999531626701355,'WhatsApp_Image_2023-10-16_at_2.32.21_PM_6.jpeg','211000157_Menna Shamsiya',0.9855207800865173,'211000157_Menna Shamsiya',0.9961696267127991,'211000157_Menna Shamsiya',1,'211000157_Menna Shamsiya',102,'/media/temp/tmpuslpt2ut.jpg',NULL,'0'),(198,'[808, 1401, 265, 329]',0.9996705055236816,'WhatsApp_Image_2023-10-16_at_2.32.21_PM_8.jpeg','212001377_Mohamed Hatem',0.9999990463256836,'212001377_Mohamed Hatem',0.9999996423721313,'212001377_Mohamed Hatem',1,'212001377_Mohamed Hatem',102,'/media/temp/tmpkz9pc_zc.jpg',NULL,'0'),(199,'[3717, 1037, 61, 75]',0.9995768666267395,'WhatsApp_Image_2023-10-16_at_2.31.49_PM_1.jpeg','211000784_Mohamed Ossama',0.3594764769077301,'211000784_Mohamed Ossama',0.9848963022232056,'211000784_Mohamed Ossama',0.9914685487747192,'211000784_Mohamed Ossama',102,'/media/temp/tmpzcb04sn9.jpg',NULL,'0'),(200,'[2257, 1117, 64, 78]',0.9996613264083862,'WhatsApp_Image_2023-10-16_at_2.32.21_PM_7.jpeg','211008096_Omar Ossama',0.6719539165496826,'211008096_Omar Ossama',0.9999426603317261,'211008096_Omar Ossama',0.7981404066085815,'211008096_Omar Ossama',102,'/media/temp/tmp81p74r9n.jpg',NULL,'0'),(201,'[3478, 1239, 126, 167]',0.9996249675750732,'WhatsApp_Image_2023-10-15_at_1.45.30_PM_1.jpeg','211011261_Lougin Shady',0.1979486346244812,'211011070_Jana Ossama',0.32939109206199646,'211000720_Ponsieh Samer',0.8765575289726257,'211000720_Ponsieh Samer',102,'/media/temp/tmprkni34pg.jpg',NULL,'0'),(202,'[3789, 1603, 177, 222]',0.9998817443847656,'WhatsApp_Image_2023-10-15_at_1.45.30_PM_1.jpeg','211000053_Rahaf Ibrahim',0.9205417633056641,'211000053_Rahaf Ibrahim',0.7530065774917603,'211001167_Mostafa Ashraf',0.9416547417640686,'211000053_Rahaf Ibrahim',102,'/media/temp/tmpkzlxo1yh.jpg',NULL,'0'),(203,'[1462, 1345, 101, 128]',0.999764621257782,'WhatsApp_Image_2023-10-16_at_2.32.05_PM_1.jpeg','211010960_Saleh Mohamed',0.9846944212913513,'211010960_Saleh Mohamed',0.9997977614402771,'211010960_Saleh Mohamed',1,'211010960_Saleh Mohamed',102,'/media/temp/tmpyubwup6d.jpg',NULL,'0'),(204,'[1583, 1527, 170, 212]',0.994828999042511,'WhatsApp_Image_2023-10-16_at_2.32.21_PM_8.jpeg','212001215_Sara Alaa',0.9887751340866089,'212001215_Sara Alaa',0.9996542930603027,'212001215_Sara Alaa',1,'212001215_Sara Alaa',102,'/media/temp/tmp5wagn0fz.jpg',NULL,'0'),(205,'[2793, 1400, 99, 125]',0.9997530579566956,'WhatsApp_Image_2023-10-16_at_2.32.05_PM_1.jpeg','211008694_Sarah Harmoush',0.9184525012969971,'211008694_Sarah Harmoush',0.4060949683189392,'211008694_Sarah Harmoush',0.8381975889205933,'211008694_Sarah Harmoush',102,'/media/temp/tmpmf5auco5.jpg',NULL,'0'),(206,'[3638, 1870, 232, 297]',0.9992444515228271,'WhatsApp_Image_2023-10-15_at_1.45.30_PM_1.jpeg','211011273_Shahd Roushdy',0.9993240833282471,'211011273_Shahd Roushdy',0.9805066585540771,'211000378_Reem Hafez',0.9940955638885498,'211011273_Shahd Roushdy',102,'/media/temp/tmpe4qpftr0.jpg',NULL,'0'),(207,'[3684, 997, 126, 157]',0.9997897744178772,'WhatsApp_Image_2023-10-15_at_1.45.30_PM_1.jpeg','211003768_Wesal Diyaa',0.6856052875518799,'211011070_Jana Ossama',0.42140528559684753,'211003768_Wesal Diyaa',0.9999520778656006,'211003768_Wesal Diyaa',102,'/media/temp/tmphai7g8f9.jpg',NULL,'0'),(208,'[1975, 1138, 67, 83]',0.999907374382019,'WhatsApp_Image_2023-10-16_at_2.32.21_PM_7.jpeg','211010753_Yassin Kafrawy',0.9876129031181335,'211010753_Yassin Kafrawy',0.999685525894165,'211010753_Yassin Kafrawy',0.9742859601974487,'211010753_Yassin Kafrawy',102,'/media/temp/tmpjh1znugz.jpg',NULL,'0'),(209,'[2444, 766, 106, 132]',0.9995735287666321,'WhatsApp_Image_2023-10-15_at_1.45.30_PM_1.jpeg','211002262_Yousef Imam',0.9910282492637634,'211002262_Yousef Imam',0.9981484413146973,'211002669_Ranah Elsayed',0.6570719480514526,'211002262_Yousef Imam',102,'/media/temp/tmpgs6kf11l.jpg',NULL,'0'),(210,'[2098, 1216, 168, 210]',0.9999593496322632,'WhatsApp_Image_2023-10-15_at_1.45.30_PM_1.jpeg','211010968_Youssef Ali',0.8003231883049011,'211010968_Youssef Ali',0.9301348328590393,'211000869_Walid Bahlol',0.5110284686088562,'211010968_Youssef Ali',102,'/media/temp/tmpjw7pp6w7.jpg',NULL,'0'),(211,'[2893, 1552, 142, 171]',0.9998747110366821,'WhatsApp_Image_2023-10-16_at_2.32.21_PM_7.jpeg','211002432_Youssef Sherif',0.9999080896377563,'211002432_Youssef Sherif',0.9999271631240845,'211002432_Youssef Sherif',0.9749617576599121,'211002432_Youssef Sherif',102,'/media/temp/tmpvjbxxe9v.jpg',NULL,'0'),(212,'[2950, 1291, 52, 57]',0.9999740123748779,'WhatsApp_Image_2023-10-16_at_2.32.05_PM_1.jpeg','211003211_Youssef Tantawy',0.9886561632156372,'211003211_Youssef Tantawy',0.9859434366226196,'211003211_Youssef Tantawy',0.9999957084655762,'211003211_Youssef Tantawy',102,'/media/temp/tmpoknts3k3.jpg',NULL,'0'),(213,'[1539, 1588, 172, 217]',0.999980092048645,'WhatsApp_Image_2023-10-16_at_2.32.05_PM_1.jpeg','211010040_Zainab Ibrahim',0.9998865127563477,'211010040_Zainab Ibrahim',0.9999842643737793,'211010040_Zainab Ibrahim',1,'211010040_Zainab Ibrahim',102,'/media/temp/tmp7gygrdgc.jpg',NULL,'0'),(214,'[3681, 819, 146, 180]',0.999603807926178,'WhatsApp_Image_2023-10-15_at_2.44.42_PM.jpeg','211011276_Abdallah Hisham',0.9108166694641113,'211011276_Abdallah Hisham',0.9926203489303589,'211011276_Abdallah Hisham',1,'211011276_Abdallah Hisham',103,'/media/temp/211011276_Abdallah Hisham_avsb97yc.jpg',NULL,'0'),(215,'[337, 514, 90, 107]',0.999496579170227,'WhatsApp_Image_2023-10-15_at_2.44.42_PM.jpeg','212000100_Adham Ahmed',0.9766071438789368,'211011145_Abdel Rahman Saniour',0.9974046349525452,'211000977_Mohamed Younis',0.9705406427383423,'211011145_Abdel Rahman Saniour',103,'/media/temp/211011145_Abdel Rahman Saniour_md1j1kfl.jpg',NULL,'0'),(216,'[2093, 1192, 60, 73]',0.999891996383667,'WhatsApp_Image_2023-10-15_at_11.03.51_AM_1.jpeg','211000778_Abdel Rahman Wael',0.2109026312828064,'211000778_Abdel Rahman Wael',0.4650000333786011,'211000778_Abdel Rahman Wael',0.9949134588241577,'211000778_Abdel Rahman Wael',103,'/media/temp/211000778_Abdel Rahman Wael_7h5r8tud.jpg',NULL,'0'),(217,'[853, 1596, 144, 187]',0.9999990463256836,'WhatsApp_Image_2023-10-15_at_11.03.51_AM_1.jpeg','211000869_Walid Bahlol',0.27875441312789917,'211008096_Omar Ossama',0.6039612889289856,'211011152_Abdelrahman Ashour',0.8068163394927979,'211011152_Abdelrahman Ashour',103,'/media/temp/211011152_Abdelrahman Ashour_6fp06fli.jpg',NULL,'0'),(218,'[709, 1058, 70, 83]',0.9999679327011108,'WhatsApp_Image_2023-10-15_at_11.03.51_AM_1.jpeg','212000100_Adham Ahmed',0.7007610201835632,'212000100_Adham Ahmed',0.8638025522232056,'211010842_Eyad Gamal',0.9999532699584961,'212000100_Adham Ahmed',103,'/media/temp/212000100_Adham Ahmed_wj7pur_6.jpg',NULL,'0'),(219,'[2362, 1237, 179, 219]',0.9973757266998291,'WhatsApp_Image_2023-10-15_at_1.45.30_PM.jpeg','211000072_Ahmed Agawany',0.9985935091972351,'211000072_Ahmed Agawany',0.9995291233062744,'211000072_Ahmed Agawany',0.984728217124939,'211000072_Ahmed Agawany',103,'/media/temp/211000072_Ahmed Agawany_77obpxfj.jpg',NULL,'0'),(220,'[2678, 1486, 101, 123]',0.9998089671134949,'WhatsApp_Image_2023-10-15_at_1.45.28_PM.jpeg','212001131_Ahmed El ashry',0.9998739957809448,'212001131_Ahmed El ashry',0.8875455260276794,'212001131_Ahmed El ashry',1,'212001131_Ahmed El ashry',103,'/media/temp/212001131_Ahmed El ashry_t6vwwuu4.jpg',NULL,'0'),(221,'[2250, 1228, 73, 93]',0.9997875094413757,'WhatsApp_Image_2023-10-15_at_11.03.51_AM_1.jpeg','211003523_Ahmed Khamis',0.49880197644233704,'211003523_Ahmed Khamis',0.9862967729568481,'211003497_Abdel Rahman Hegazy',0.9996178150177002,'211003523_Ahmed Khamis',103,'/media/temp/211003523_Ahmed Khamis_h7ctka5v.jpg',NULL,'0'),(222,'[1956, 488, 83, 92]',0.9975587129592896,'WhatsApp_Image_2023-10-15_at_2.44.42_PM.jpeg','211011225_Ahmed Sherief',0.5748569965362549,'211011070_Jana Ossama',0.7191138863563538,'211011225_Ahmed Sherief',0.9988462924957275,'211011225_Ahmed Sherief',103,'/media/temp/211011225_Ahmed Sherief_zcnbsnxp.jpg',NULL,'0'),(223,'[1590, 1293, 85, 110]',0.9999507665634155,'WhatsApp_Image_2023-10-15_at_11.03.51_AM_1.jpeg','211010329_Antony Mamdouh',0.6400328874588013,'211010329_Antony Mamdouh',0.94889235496521,'211011152_Abdelrahman Ashour',0.5145570635795593,'211010329_Antony Mamdouh',103,'/media/temp/211010329_Antony Mamdouh_k8749hhd.jpg',NULL,'0'),(224,'[2142, 596, 85, 102]',0.9976121187210083,'WhatsApp_Image_2023-10-15_at_2.44.42_PM.jpeg','211011174_Baraa Hamdy',0.9983838796615601,'211011174_Baraa Hamdy',0.993984043598175,'211011174_Baraa Hamdy',1,'211011174_Baraa Hamdy',103,'/media/temp/211011174_Baraa Hamdy_qp_p01it.jpg',NULL,'0'),(225,'[3584, 1375, 67, 82]',0.9932969212532043,'WhatsApp_Image_2023-10-15_at_1.45.28_PM.jpeg','211011044_Bassem Nader',0.9765363931655884,'211011044_Bassem Nader',0.9739373326301575,'211011044_Bassem Nader',0.9999994039535522,'211011044_Bassem Nader',103,'/media/temp/211011044_Bassem Nader_bn2brntd.jpg',NULL,'0'),(226,'[3372, 1794, 222, 268]',0.9999401569366455,'WhatsApp_Image_2023-10-15_at_1.45.28_PM_eZPGvFp.jpeg','211002721_Bassmala El Hashimy',0.9808189272880554,'211002721_Bassmala El Hashimy',0.9463852047920227,'211000053_Rahaf Ibrahim',0.9995689988136292,'211002721_Bassmala El Hashimy',103,'/media/temp/211002721_Bassmala El Hashimy_rlyvk1lu.jpg',NULL,'0'),(227,'[345, 1062, 73, 82]',0.9989677667617798,'WhatsApp_Image_2023-10-15_at_11.03.51_AM_1.jpeg','211000278_Belal Hany',0.9694324135780334,'211000278_Belal Hany',0.9997691512107849,'211000408_Mohamed Saleh',0.9938596487045288,'211000278_Belal Hany',103,'/media/temp/211000278_Belal Hany_a4wdjtsy.jpg',NULL,'0'),(228,'[2988, 1497, 89, 107]',0.9999008178710938,'WhatsApp_Image_2023-10-15_at_1.45.28_PM.jpeg','212001409_Enjy Emad',0.46258342266082764,'212001409_Enjy Emad',0.6140602231025696,'211001669_Mina Louise',0.9430080056190491,'212001409_Enjy Emad',103,'/media/temp/212001409_Enjy Emad_qwi11zzx.jpg',NULL,'0'),(229,'[941, 1282, 92, 119]',0.9999896287918091,'WhatsApp_Image_2023-10-15_at_11.03.51_AM_1.jpeg','211010750_Faris Rabie',0.9995774626731873,'211010750_Faris Rabie',0.983120322227478,'211010750_Faris Rabie',0.999792754650116,'211010750_Faris Rabie',103,'/media/temp/211010750_Faris Rabie_8fxepc4a.jpg',NULL,'0'),(230,'[1656, 1305, 202, 244]',0.9999549388885498,'WhatsApp_Image_2023-10-15_at_1.45.30_PM_1.jpeg','211003042_Mahmoud Ossama',0.6358797550201416,'211000798_Fliopater Gadallah',0.6859883069992065,'211000798_Fliopater Gadallah',1,'211000798_Fliopater Gadallah',103,'/media/temp/211000798_Fliopater Gadallah_1y2ehrqw.jpg',NULL,'0'),(231,'[557, 1326, 88, 109]',0.9999889135360718,'WhatsApp_Image_2023-10-15_at_11.03.51_AM_1.jpeg','211000718_Fredy Emad',0.775467574596405,'211000718_Fredy Emad',0.9759565591812134,'211008096_Omar Ossama',0.9142836332321167,'211000718_Fredy Emad',103,'/media/temp/211000718_Fredy Emad_o1p2inbp.jpg',NULL,'0'),(232,'[3782, 1503, 185, 241]',0.9997005462646484,'WhatsApp_Image_2023-10-15_at_2.44.42_PM.jpeg','211003660_Habiba Mohamed',0.9351834654808044,'211003660_Habiba Mohamed',0.9440040588378906,'211003660_Habiba Mohamed',0.9999960660934448,'211003660_Habiba Mohamed',103,'/media/temp/211003660_Habiba Mohamed_juea29wc.jpg',NULL,'0'),(233,'[3056, 1807, 105, 137]',0.9998953342437744,'WhatsApp_Image_2023-10-15_at_11.03.51_AM_1.jpeg','211000378_Reem Hafez',0.5678919553756714,'211011261_Lougin Shady',0.4570370018482208,'211000099_Hajer Barakat',0.8195777535438538,'211000099_Hajer Barakat',103,'/media/temp/211000099_Hajer Barakat_dtj26dlm.jpg',NULL,'0'),(234,'[1021, 522, 96, 111]',0.9999607801437378,'WhatsApp_Image_2023-10-15_at_2.44.42_PM.jpeg','212001020_Hamza Badawy',0.9999910593032837,'212001020_Hamza Badawy',0.9933550357818604,'212001020_Hamza Badawy',1,'212001020_Hamza Badawy',103,'/media/temp/212001020_Hamza Badawy_jfcobqol.jpg',NULL,'0'),(235,'[2376, 2295, 226, 285]',0.999984860420227,'WhatsApp_Image_2023-10-15_at_1.45.30_PM.jpeg','211001927_Hanin Zahran',0.998648464679718,'211001927_Hanin Zahran',0.9921283721923828,'212001377_Mohamed Hatem',0.9913524389266968,'211001927_Hanin Zahran',103,'/media/temp/211001927_Hanin Zahran_zy0t_p9c.jpg',NULL,'0'),(236,'[1703, 1829, 139, 181]',0.9989375472068787,'WhatsApp_Image_2023-10-15_at_11.03.51_AM_1.jpeg','211010973_Zina Fayez',0.8630267381668091,'211002717_Heba Hammam',0.9901865720748901,'211002717_Heba Hammam',1,'211002717_Heba Hammam',103,'/media/temp/211002717_Heba Hammam_zr13sw7w.jpg',NULL,'0'),(237,'[1479, 1436, 102, 128]',0.9999825954437256,'WhatsApp_Image_2023-10-15_at_11.03.51_AM_1.jpeg','212001217_Ibrahim Elmahdy',0.9010130167007446,'212001217_Ibrahim Elmahdy',0.9999953508377075,'212001217_Ibrahim Elmahdy',1,'212001217_Ibrahim Elmahdy',103,'/media/temp/212001217_Ibrahim Elmahdy__i_1_5v0.jpg',NULL,'0'),(238,'[3585, 1637, 120, 143]',0.9997187256813049,'WhatsApp_Image_2023-10-15_at_11.03.51_AM_1.jpeg','211011070_Jana Ossama',0.9742641448974609,'211000869_Walid Bahlol',0.7719984650611877,'211011070_Jana Ossama',0.9999088048934937,'211011070_Jana Ossama',103,'/media/temp/211011070_Jana Ossama_eb9sv5nm.jpg',NULL,'0'),(239,'[3456, 1383, 58, 75]',0.9997957348823547,'WhatsApp_Image_2023-10-16_at_2.32.05_PM_1.jpeg','211000649_Nourhan Zanaty',0.48331597447395325,'211000898_Maryam Sabry',0.29129794239997864,'211003548_Janna Younis',0.8684218525886536,'211003548_Janna Younis',103,'/media/temp/211003548_Janna Younis_uu52m7il.jpg',NULL,'0'),(240,'[2839, 1612, 192, 240]',0.999996542930603,'WhatsApp_Image_2023-10-15_at_1.45.30_PM.jpeg','211003023_Jannah Walid',0.9942521452903748,'211003023_Jannah Walid',0.9999979734420776,'212001215_Sara Alaa',0.9069003462791443,'211003023_Jannah Walid',103,'/media/temp/211003023_Jannah Walid_nne43h2v.jpg',NULL,'0'),(241,'[1385, 1268, 202, 266]',0.9996262788772583,'WhatsApp_Image_2023-10-15_at_2.44.42_PM.jpeg','211001707_Karim Hashim',0.6894341707229614,'211001707_Karim Hashim',0.860683798789978,'211001707_Karim Hashim',0.962372899055481,'211001707_Karim Hashim',103,'/media/temp/211001707_Karim Hashim_po0qryun.jpg',NULL,'0'),(242,'[3241, 1178, 192, 219]',0.9998732805252075,'WhatsApp_Image_2023-10-15_at_1.45.30_PM_1.jpeg','211001676_Kerolous Youssef',0.9993122816085815,'211001676_Kerolous Youssef',0.9999959468841553,'211001676_Kerolous Youssef',1,'211001676_Kerolous Youssef',103,'/media/temp/211001676_Kerolous Youssef_c3n_mt6n.jpg',NULL,'0'),(243,'[2959, 1206, 177, 220]',0.9999797344207764,'WhatsApp_Image_2023-10-15_at_1.45.30_PM_1.jpeg','211010944_Kirollos William',0.8906261324882507,'211010944_Kirollos William',0.9999041557312012,'211010944_Kirollos William',0.9979040622711182,'211010944_Kirollos William',103,'/media/temp/211010944_Kirollos William_6j1q_png.jpg',NULL,'0'),(244,'[2812, 1525, 226, 267]',0.9999107122421265,'WhatsApp_Image_2023-10-15_at_2.44.42_PM.jpeg','212001270_Lina Sameh',0.3952462375164032,'212001270_Lina Sameh',0.9747846722602844,'211000720_Ponsieh Samer',0.9987239241600037,'212001270_Lina Sameh',103,'/media/temp/212001270_Lina Sameh_12nc_qyd.jpg',NULL,'0'),(245,'[2249, 1861, 120, 154]',0.9986225366592407,'WhatsApp_Image_2023-10-15_at_11.03.51_AM_1.jpeg','211001927_Hanin Zahran',0.4924682080745697,'211000539_Logyn Attify',0.7906752228736877,'212001215_Sara Alaa',0.6636989712715149,'211000539_Logyn Attify',103,'/media/temp/211000539_Logyn Attify_gq699me8.jpg',NULL,'0'),(246,'[2679, 1395, 84, 107]',0.9990805387496948,'WhatsApp_Image_2023-10-15_at_11.03.51_AM_1.jpeg','211003042_Mahmoud Ossama',0.9992122650146484,'211003042_Mahmoud Ossama',0.9644967317581177,'211003042_Mahmoud Ossama',0.999893069267273,'211003042_Mahmoud Ossama',103,'/media/temp/211003042_Mahmoud Ossama_e7flt8xu.jpg',NULL,'0'),(247,'[3856, 1378, 70, 82]',0.998802900314331,'WhatsApp_Image_2023-10-16_at_2.32.05_PM_1.jpeg','211000378_Reem Hafez',0.4088227450847626,'211003889_Mahmoud Yehia',0.8942098617553711,'211003889_Mahmoud Yehia',0.999816358089447,'211003889_Mahmoud Yehia',103,'/media/temp/211003889_Mahmoud Yehia_i355mglo.jpg',NULL,'0'),(248,'[3530, 838, 125, 163]',0.9995158910751343,'WhatsApp_Image_2023-10-15_at_1.45.30_PM.jpeg','212001020_Hamza Badawy',0.2893395721912384,'211000137_Marwan Elkordy',0.9141314029693604,'211003760_Sarah El Kerdawi',0.538184404373169,'211000137_Marwan Elkordy',103,'/media/temp/211000137_Marwan Elkordy_hmr3twp3.jpg',NULL,'0'),(249,'[2230, 1410, 103, 131]',0.9999918937683105,'WhatsApp_Image_2023-10-16_at_2.32.05_PM_1.jpeg','211000898_Maryam Sabry',0.9984999895095825,'211000898_Maryam Sabry',0.9999548196792603,'211000898_Maryam Sabry',0.9999942779541016,'211000898_Maryam Sabry',103,'/media/temp/211000898_Maryam Sabry_y7tquhmo.jpg',NULL,'0'),(250,'[1150, 1003, 139, 187]',0.999862551689148,'WhatsApp_Image_2023-10-15_at_2.44.42_PM.jpeg','211000104_Menna Elswefy',0.49341222643852234,'211000712_Mazin Bahnasy',0.3080092966556549,'211000104_Menna Elswefy',0.9999734163284302,'211000104_Menna Elswefy',103,'/media/temp/211000104_Menna Elswefy_swxddkdo.jpg',NULL,'0'),(251,'[395, 1248, 82, 102]',0.9984325766563416,'WhatsApp_Image_2023-10-15_at_11.03.51_AM_1.jpeg','211000593_Menna Refaat',0.9998830556869507,'211000593_Menna Refaat',0.9903698563575745,'211000593_Menna Refaat',1,'211000593_Menna Refaat',103,'/media/temp/211000593_Menna Refaat_fu2gbwzy.jpg',NULL,'0'),(252,'[1495, 1235, 72, 94]',0.9999938011169434,'WhatsApp_Image_2023-10-15_at_11.03.51_AM_1.jpeg','211000157_Menna Shamsiya',0.8716853260993958,'211000157_Menna Shamsiya',0.9820976853370667,'211000157_Menna Shamsiya',1,'211000157_Menna Shamsiya',103,'/media/temp/211000157_Menna Shamsiya_qzmm6jyf.jpg',NULL,'0'),(253,'[3292, 1204, 173, 209]',0.9999960660934448,'WhatsApp_Image_2023-10-15_at_2.44.42_PM.jpeg','211008767_Merna Nasser',0.8028417229652405,'211008767_Merna Nasser',0.9918780326843262,'211008767_Merna Nasser',0.9209890961647034,'211008767_Merna Nasser',103,'/media/temp/211008767_Merna Nasser_9_sq9v4o.jpg',NULL,'0'),(254,'[568, 1558, 121, 146]',0.9999327659606934,'WhatsApp_Image_2023-10-15_at_11.03.51_AM_1.jpeg','211001669_Mina Louise',0.9998364448547363,'211001669_Mina Louise',0.9999388456344604,'211008096_Omar Ossama',0.9918234944343567,'211001669_Mina Louise',103,'/media/temp/211001669_Mina Louise_c9xygr21.jpg',NULL,'0'),(255,'[3504, 1352, 55, 63]',0.999082088470459,'WhatsApp_Image_2023-10-15_at_1.45.28_PM_eZPGvFp.jpeg','211008839_Mostafa Serah',0.9038585424423218,'211008839_Mostafa Serah',0.995542585849762,'211008839_Mostafa Serah',0.7669293284416199,'211008839_Mostafa Serah',103,'/media/temp/211008839_Mostafa Serah_pg5rwv5h.jpg',NULL,'0'),(256,'[3372, 1480, 68, 84]',0.9999252557754517,'WhatsApp_Image_2023-10-15_at_1.45.28_PM_eZPGvFp.jpeg','211011097_Maryam Shaltout',0.4562337398529053,'211002669_Ranah Elsayed',0.756734311580658,'211000858_Nermine Essam',0.776018500328064,'211000858_Nermine Essam',103,'/media/temp/211000858_Nermine Essam_2an8tzvd.jpg',NULL,'0'),(257,'[1848, 1307, 91, 107]',0.9957737326622009,'WhatsApp_Image_2023-10-15_at_11.03.51_AM_1.jpeg','211008086_Nour Mohsen',0.6196108460426331,'211008086_Nour Mohsen',0.9106907844543457,'211008086_Nour Mohsen',0.9999872446060181,'211008086_Nour Mohsen',103,'/media/temp/211008086_Nour Mohsen__90x87ga.jpg',NULL,'0'),(258,'[3779, 1380, 62, 67]',0.999863862991333,'WhatsApp_Image_2023-10-15_at_1.45.28_PM_eZPGvFp.jpeg','211010731_Nouran Khaled',0.38954877853393555,'211010731_Nouran Khaled',0.9037646651268005,'211002785_Amal Arafa',0.41359221935272217,'211010731_Nouran Khaled',103,'/media/temp/211010731_Nouran Khaled__ge43pp0.jpg',NULL,'0'),(259,'[2890, 1384, 69, 84]',0.999841570854187,'WhatsApp_Image_2023-10-15_at_1.45.28_PM_eZPGvFp.jpeg','211011222_Omar El Dakkak',0.9919666051864624,'211011222_Omar El Dakkak',0.872891366481781,'211003889_Mahmoud Yehia',0.9334211945533752,'211011222_Omar El Dakkak',103,'/media/temp/211011222_Omar El Dakkak_8zi941v3.jpg',NULL,'0'),(260,'[468, 1118, 73, 82]',0.9999322891235352,'WhatsApp_Image_2023-10-15_at_11.03.51_AM_1.jpeg','211008096_Omar Ossama',0.9056112170219421,'211008096_Omar Ossama',0.9981310963630676,'211008096_Omar Ossama',0.9999995231628418,'211008096_Omar Ossama',103,'/media/temp/211008096_Omar Ossama_d292b9ir.jpg',NULL,'0'),(261,'[3478, 1239, 126, 167]',0.9996249675750732,'WhatsApp_Image_2023-10-15_at_1.45.30_PM_1.jpeg','211011261_Lougin Shady',0.1979486346244812,'211011070_Jana Ossama',0.32939109206199646,'211000720_Ponsieh Samer',0.8765585422515869,'211000720_Ponsieh Samer',103,'/media/temp/211000720_Ponsieh Samer_7z_czgik.jpg',NULL,'0'),(262,'[3789, 1603, 177, 222]',0.9998817443847656,'WhatsApp_Image_2023-10-15_at_1.45.30_PM_1.jpeg','211000053_Rahaf Ibrahim',0.9205417633056641,'211000053_Rahaf Ibrahim',0.7530065774917603,'211001167_Mostafa Ashraf',0.9416234493255615,'211000053_Rahaf Ibrahim',103,'/media/temp/211000053_Rahaf Ibrahim_5x9v1vwb.jpg',NULL,'0'),(263,'[3538, 2007, 134, 178]',0.9989411234855652,'WhatsApp_Image_2023-10-15_at_11.03.51_AM_1.jpeg','211000649_Nourhan Zanaty',0.6817395687103271,'211000280_Rown Adil',0.928672730922699,'211002997_Ahmed Attiah',0.3977833092212677,'211000280_Rown Adil',103,'/media/temp/211000280_Rown Adil_esgj_1i0.jpg',NULL,'0'),(264,'[332, 345, 94, 111]',0.9998713731765747,'WhatsApp_Image_2023-10-15_at_2.44.42_PM.jpeg','211010161_Salah Koriem',0.9969479441642761,'211010161_Salah Koriem',0.9791421890258789,'211010161_Salah Koriem',1,'211010161_Salah Koriem',103,'/media/temp/211010161_Salah Koriem_t3_u4d4i.jpg',NULL,'0'),(265,'[1462, 1345, 101, 128]',0.999764621257782,'WhatsApp_Image_2023-10-16_at_2.32.05_PM_1.jpeg','211010960_Saleh Mohamed',0.984727144241333,'211010960_Saleh Mohamed',0.9997976422309875,'211010960_Saleh Mohamed',1,'211010960_Saleh Mohamed',103,'/media/temp/211010960_Saleh Mohamed_9k87acyr.jpg',NULL,'0'),(266,'[3073, 1527, 90, 111]',0.9964738488197327,'WhatsApp_Image_2023-10-15_at_11.03.51_AM_1.jpeg','212001215_Sara Alaa',0.9532968401908875,'212001215_Sara Alaa',0.8403950929641724,'212001215_Sara Alaa',0.9999972581863403,'212001215_Sara Alaa',103,'/media/temp/212001215_Sara Alaa_xvgfvxv0.jpg',NULL,'0'),(267,'[1856, 1477, 107, 135]',0.9998101592063904,'WhatsApp_Image_2023-10-15_at_1.45.28_PM.jpeg','211008694_Sarah Harmoush',0.9088549017906189,'211008694_Sarah Harmoush',0.920784592628479,'211008694_Sarah Harmoush',0.9995480179786682,'211008694_Sarah Harmoush',103,'/media/temp/211008694_Sarah Harmoush_qi18m83q.jpg',NULL,'0'),(268,'[3638, 1870, 232, 297]',0.9992443323135376,'WhatsApp_Image_2023-10-15_at_1.45.30_PM.jpeg','211011273_Shahd Roushdy',0.9993240833282471,'211011273_Shahd Roushdy',0.9805066585540771,'211000378_Reem Hafez',0.9940955638885498,'211011273_Shahd Roushdy',103,'/media/temp/211011273_Shahd Roushdy_wrhve8ft.jpg',NULL,'0'),(269,'[3172, 2155, 284, 332]',0.9999945163726807,'WhatsApp_Image_2023-10-15_at_1.45.28_PM.jpeg','211002967_Solan Amgad',0.9981721639633179,'211002967_Solan Amgad',0.9998007416725159,'211002967_Solan Amgad',0.9968398809432983,'211002967_Solan Amgad',103,'/media/temp/211002967_Solan Amgad_x8u44tj5.jpg',NULL,'0'),(270,'[3684, 997, 126, 157]',0.9997897744178772,'WhatsApp_Image_2023-10-15_at_1.45.30_PM_1.jpeg','211003768_Wesal Diyaa',0.6856052875518799,'211011070_Jana Ossama',0.42140528559684753,'211003768_Wesal Diyaa',0.999951958656311,'211003768_Wesal Diyaa',103,'/media/temp/211003768_Wesal Diyaa_q19e0c87.jpg',NULL,'0'),(271,'[1596, 513, 85, 104]',0.9990167617797852,'WhatsApp_Image_2023-10-15_at_2.44.42_PM.jpeg','211010753_Yassin Kafrawy',0.9616779685020447,'211010753_Yassin Kafrawy',0.9999622106552124,'211010753_Yassin Kafrawy',0.9999998807907104,'211010753_Yassin Kafrawy',103,'/media/temp/211010753_Yassin Kafrawy_wfaifiru.jpg',NULL,'0'),(272,'[2444, 766, 106, 132]',0.9995735287666321,'WhatsApp_Image_2023-10-15_at_1.45.30_PM_1.jpeg','211002262_Yousef Imam',0.9910282492637634,'211002262_Yousef Imam',0.9981484413146973,'211002669_Ranah Elsayed',0.6570566296577454,'211002262_Yousef Imam',103,'/media/temp/211002262_Yousef Imam_5t61ax5v.jpg',NULL,'0'),(273,'[2098, 1216, 168, 210]',0.9999593496322632,'WhatsApp_Image_2023-10-15_at_1.45.30_PM_1.jpeg','211010968_Youssef Ali',0.8003231883049011,'211010968_Youssef Ali',0.9301348328590393,'211000869_Walid Bahlol',0.5110787153244019,'211010968_Youssef Ali',103,'/media/temp/211010968_Youssef Ali_1botbd3o.jpg',NULL,'0'),(274,'[2950, 1291, 52, 57]',0.9999740123748779,'WhatsApp_Image_2023-10-16_at_2.32.05_PM_1.jpeg','211003211_Youssef Tantawy',0.9887146353721619,'211003211_Youssef Tantawy',0.9859623312950134,'211003211_Youssef Tantawy',0.9999957084655762,'211003211_Youssef Tantawy',103,'/media/temp/211003211_Youssef Tantawy_yj7b5i3x.jpg',NULL,'0'),(275,'[1539, 1588, 172, 217]',0.999980092048645,'WhatsApp_Image_2023-10-16_at_2.32.05_PM_1.jpeg','211010040_Zainab Ibrahim',0.9998863935470581,'211010040_Zainab Ibrahim',0.9999842643737793,'211010040_Zainab Ibrahim',1,'211010040_Zainab Ibrahim',103,'/media/temp/211010040_Zainab Ibrahim_woh3fn32.jpg',NULL,'0'),(276,'[3458, 2021, 253, 320]',0.9999123811721802,'WhatsApp_Image_2023-10-11_at_11.21.59_AM_2.jpeg','221003615_Abdallah ElShalkany',0.982201874256134,'221003615_Abdallah ElShalkany',0.995320737361908,'221003615_Abdallah ElShalkany',0.9999998807907104,'221003615_Abdallah ElShalkany',104,'/media/temp/221003615_Abdallah ElShalkany_3zptx43o.jpg',NULL,'0'),(277,'[3076, 1065, 59, 73]',0.9999650716781616,'WhatsApp_Image_2023-10-11_at_11.22.00_AM_2.jpeg','211011276_Abdallah Hisham',0.6945038437843323,'211011276_Abdallah Hisham',0.9733697772026062,'211011276_Abdallah Hisham',1,'211011276_Abdallah Hisham',104,'/media/temp/211011276_Abdallah Hisham_iwbvmoj_.jpg',NULL,'0'),(278,'[3419, 1243, 73, 90]',0.9998751878738403,'WhatsApp_Image_2023-10-11_at_11.22.00_AM.jpeg','211003626_Abdallah Salman',0.8516204357147217,'211003626_Abdallah Salman',0.999893069267273,'211003626_Abdallah Salman',0.9547939896583557,'211003626_Abdallah Salman',104,'/media/temp/211003626_Abdallah Salman_au768a4a.jpg',NULL,'0'),(279,'[2442, 1130, 58, 71]',0.9997817873954773,'WhatsApp_Image_2023-10-11_at_11.22.00_AM.jpeg','211011035_Abdelrahman Seddik',0.986164927482605,'211011035_Abdelrahman Seddik',0.6491196751594543,'211011035_Abdelrahman Seddik',1,'211011035_Abdelrahman Seddik',104,'/media/temp/211011035_Abdelrahman Seddik_286zdl4w.jpg',NULL,'0'),(280,'[2686, 1191, 69, 86]',0.9999116659164429,'WhatsApp_Image_2023-10-11_at_11.22.00_AM.jpeg','211011035_Abdelrahman Seddik',0.45031246542930603,'211002997_Ahmed Attiah',0.9232112765312195,'211002997_Ahmed Attiah',0.994782030582428,'211002997_Ahmed Attiah',104,'/media/temp/211002997_Ahmed Attiah_3meuiel6.jpg',NULL,'0'),(281,'[3180, 1627, 118, 143]',0.9997735619544983,'WhatsApp_Image_2023-10-11_at_11.21.59_AM_2.jpeg','211000559_Alaa Harraz',0.8433308601379395,'211010040_Zainab Ibrahim',0.7959442138671875,'211003737_Manar Shahin',0.6886504292488098,'211000559_Alaa Harraz',104,'/media/temp/211000559_Alaa Harraz_s7i14ie7.jpg',NULL,'0'),(282,'[2190, 1183, 58, 79]',0.999484658241272,'WhatsApp_Image_2023-10-11_at_11.22.00_AM.jpeg','211003211_Youssef Tantawy',0.5295960307121277,'211002699_Karim Shaalan',0.6378523707389832,'211003775_Ammar Yasser',0.9193456768989563,'211003775_Ammar Yasser',104,'/media/temp/211003775_Ammar Yasser_c9kriwja.jpg',NULL,'0'),(283,'[493, 891, 122, 156]',0.9963715076446533,'WhatsApp_Image_2023-10-11_at_11.21.58_AM_1.jpeg','211000151_Bassant Gamal Eldin',0.5894750952720642,'211000712_Mazin Bahnasy',0.9266722798347473,'211000151_Bassant Gamal Eldin',0.7533966302871704,'211000151_Bassant Gamal Eldin',104,'/media/temp/211000151_Bassant Gamal Eldin_s9sohkxt.jpg',NULL,'0'),(284,'[1597, 1137, 63, 77]',0.9999693632125854,'WhatsApp_Image_2023-10-11_at_11.22.00_AM.jpeg','211011044_Bassem Nader',0.9999028444290161,'211011044_Bassem Nader',0.9981372356414795,'211011044_Bassem Nader',1,'211011044_Bassem Nader',104,'/media/temp/211011044_Bassem Nader_3v278kqw.jpg',NULL,'0'),(285,'[2094, 1532, 98, 119]',0.999526858329773,'WhatsApp_Image_2023-10-11_at_11.21.59_AM_2.jpeg','211003418_Ehab Saber',0.9470367431640625,'211000977_Mohamed Younis',0.6490209102630615,'211003418_Ehab Saber',0.5488866567611694,'211003418_Ehab Saber',104,'/media/temp/211003418_Ehab Saber_p0r7xjsp.jpg',NULL,'0'),(286,'[676, 1886, 229, 291]',0.9993337988853455,'WhatsApp_Image_2023-10-11_at_11.21.59_AM_2.jpeg','211010750_Faris Rabie',0.8635383248329163,'211010750_Faris Rabie',0.9866750836372375,'211003042_Mahmoud Ossama',0.9995381832122803,'211010750_Faris Rabie',104,'/media/temp/211010750_Faris Rabie__6shno58.jpg',NULL,'0'),(287,'[1536, 1731, 92, 123]',0.9996016621589661,'WhatsApp_Image_2023-10-11_at_11.21.59_AM_1.jpeg','211010102_Fatma Elzahraa Emad',0.8053622245788574,'211003629_Sama Yasser',0.8945369720458984,'211010102_Fatma Elzahraa Emad',0.9999606609344482,'211010102_Fatma Elzahraa Emad',104,'/media/temp/211010102_Fatma Elzahraa Emad__ofn24_i.jpg',NULL,'0'),(288,'[1223, 689, 95, 124]',0.9850548505783081,'WhatsApp_Image_2023-10-11_at_11.21.58_AM_1.jpeg','211003252_Sherif Ashraf',0.18086448311805725,'211010944_Kirollos William',0.697525143623352,'211000548_Hazim Mostafa',0.7487838268280029,'211000548_Hazim Mostafa',104,'/media/temp/211000548_Hazim Mostafa_h7skygq2.jpg',NULL,'0'),(289,'[2027, 1708, 146, 178]',0.9997912049293518,'WhatsApp_Image_2023-10-11_at_11.21.59_AM_2.jpeg','211002717_Heba Hammam',0.8599410653114319,'211002717_Heba Hammam',0.49200180172920227,'211002717_Heba Hammam',0.9716189503669739,'211002717_Heba Hammam',104,'/media/temp/211002717_Heba Hammam_676r4o5j.jpg',NULL,'0'),(290,'[3387, 1764, 196, 238]',0.9964922070503235,'WhatsApp_Image_2023-10-11_at_11.21.59_AM_2.jpeg','212001107_Islam Alaa Eldin',0.8020243644714355,'212001107_Islam Alaa Eldin',0.6778113842010498,'212001107_Islam Alaa Eldin',0.8717626929283142,'212001107_Islam Alaa Eldin',104,'/media/temp/212001107_Islam Alaa Eldin_wrdu90an.jpg',NULL,'0'),(291,'[3005, 1216, 67, 79]',0.9979234933853149,'WhatsApp_Image_2023-10-11_at_11.22.00_AM.jpeg','211002333_Jasmin Hassan',0.9214416742324829,'211002333_Jasmin Hassan',0.6008056998252869,'211000559_Alaa Harraz',0.912962019443512,'211002333_Jasmin Hassan',104,'/media/temp/211002333_Jasmin Hassan__izseusk.jpg',NULL,'0'),(292,'[1006, 1653, 159, 198]',0.9999524354934692,'WhatsApp_Image_2023-10-11_at_11.21.59_AM_2.jpeg','211001707_Karim Hashim',0.9827698469161987,'211001707_Karim Hashim',0.9958706498146057,'211000548_Hazim Mostafa',0.9951649904251099,'211001707_Karim Hashim',104,'/media/temp/211001707_Karim Hashim_gz71kafi.jpg',NULL,'0'),(293,'[3064, 1904, 234, 299]',0.9993987083435059,'WhatsApp_Image_2023-10-11_at_11.21.59_AM_2.jpeg','211002699_Karim Shaalan',0.9249814748764038,'211002699_Karim Shaalan',0.9908258318901062,'211002699_Karim Shaalan',1,'211002699_Karim Shaalan',104,'/media/temp/211002699_Karim Shaalan_nwgey8s0.jpg',NULL,'0'),(294,'[2178, 825, 127, 162]',0.999922513961792,'WhatsApp_Image_2023-10-11_at_11.21.58_AM_1.jpeg','211001676_Kerolous Youssef',0.9997714161872864,'211001676_Kerolous Youssef',0.998838484287262,'211001676_Kerolous Youssef',0.9996950626373291,'211001676_Kerolous Youssef',104,'/media/temp/211001676_Kerolous Youssef_dy1s8ljm.jpg',NULL,'0'),(295,'[1352, 1011, 415, 519]',0.9999725818634033,'WhatsApp_Image_2023-10-11_at_11.22.00_AM_1.jpeg','211011119_Khalid Essam',0.9972865581512451,'211011119_Khalid Essam',0.8717027306556702,'211011153_Ahmed Gabr',0.7530580163002014,'211011119_Khalid Essam',104,'/media/temp/211011119_Khalid Essam_yxi478cv.jpg',NULL,'0'),(296,'[446, 1083, 64, 78]',0.9978812336921692,'WhatsApp_Image_2023-10-11_at_11.22.00_AM_2.jpeg','211003737_Manar Shahin',0.8397254943847656,'211010040_Zainab Ibrahim',0.9848418235778809,'211003737_Manar Shahin',1,'211003737_Manar Shahin',104,'/media/temp/211003737_Manar Shahin_fjap90v6.jpg',NULL,'0'),(297,'[2218, 2030, 513, 647]',0.9999921321868896,'WhatsApp_Image_2023-10-11_at_11.21.58_AM_1.jpeg','211000809_Maryam Elsayed',0.887844979763031,'211000809_Maryam Elsayed',0.9868496656417847,'211000858_Nermine Essam',0.999983549118042,'211000809_Maryam Elsayed',104,'/media/temp/211000809_Maryam Elsayed_s4gvg9mm.jpg',NULL,'0'),(298,'[924, 1243, 239, 274]',0.999902606010437,'WhatsApp_Image_2023-10-11_at_11.21.58_AM_1.jpeg','211008767_Merna Nasser',0.9820820689201355,'211008767_Merna Nasser',0.9983820915222168,'211008767_Merna Nasser',0.9723216891288757,'211008767_Merna Nasser',104,'/media/temp/211008767_Merna Nasser_aeco29p8.jpg',NULL,'0'),(299,'[3606, 817, 119, 154]',0.9984570741653442,'WhatsApp_Image_2023-10-11_at_11.21.58_AM_1.jpeg','211001669_Mina Louise',0.8769771456718445,'211001669_Mina Louise',0.9999868869781494,'211000548_Hazim Mostafa',0.9775341749191284,'211001669_Mina Louise',104,'/media/temp/211001669_Mina Louise_4nypr77p.jpg',NULL,'0'),(300,'[27, 1099, 90, 104]',0.9999904632568359,'WhatsApp_Image_2023-10-11_at_11.22.00_AM.jpeg','211010638_Mohamed Nazieh',0.9995286464691162,'211010638_Mohamed Nazieh',0.9993206262588501,'211010638_Mohamed Nazieh',1,'211010638_Mohamed Nazieh',104,'/media/temp/211010638_Mohamed Nazieh_82zklcvk.jpg',NULL,'0'),(301,'[816, 1161, 69, 91]',0.9999294281005859,'WhatsApp_Image_2023-10-11_at_11.22.00_AM_2.jpeg','212001034_Mohamed Sabry',0.9918506741523743,'212001034_Mohamed Sabry',0.9731367230415344,'211000784_Mohamed Ossama',0.9602541923522949,'212001034_Mohamed Sabry',104,'/media/temp/212001034_Mohamed Sabry_ohxzn3jc.jpg',NULL,'0'),(302,'[531, 1619, 129, 154]',0.9999903440475464,'WhatsApp_Image_2023-10-11_at_11.21.59_AM_2.jpeg','211000718_Fredy Emad',0.8184465169906616,'211001167_Mostafa Ashraf',0.7632214426994324,'211001167_Mostafa Ashraf',0.7594914436340332,'211001167_Mostafa Ashraf',104,'/media/temp/211001167_Mostafa Ashraf_g0j8l014.jpg',NULL,'0'),(303,'[1243, 1795, 219, 255]',0.9990818500518799,'WhatsApp_Image_2023-10-11_at_11.21.59_AM_2.jpeg','211008839_Mostafa Serah',0.9999566078186035,'211008839_Mostafa Serah',0.9999845027923584,'211008839_Mostafa Serah',0.9999998807907104,'211008839_Mostafa Serah',104,'/media/temp/211008839_Mostafa Serah_hyj0kb13.jpg',NULL,'0'),(304,'[1390, 1132, 61, 77]',0.9999686479568481,'WhatsApp_Image_2023-10-11_at_11.22.00_AM.jpeg','211010731_Nouran Khaled',0.9970184564590454,'211010731_Nouran Khaled',0.9973141551017761,'211000720_Ponsieh Samer',0.9446993470191956,'211010731_Nouran Khaled',104,'/media/temp/211010731_Nouran Khaled_zoql0j0g.jpg',NULL,'0'),(305,'[3630, 1680, 119, 159]',0.997489333152771,'WhatsApp_Image_2023-10-11_at_11.21.59_AM_2.jpeg','211010703_Omnia Shaaban',0.9969449639320374,'211010703_Omnia Shaaban',0.788387656211853,'211010703_Omnia Shaaban',1,'211010703_Omnia Shaaban',104,'/media/temp/211010703_Omnia Shaaban_eeq5tlwb.jpg',NULL,'0'),(306,'[1666, 1103, 166, 223]',0.9999779462814331,'WhatsApp_Image_2023-10-11_at_11.21.58_AM_1.jpeg','211000053_Rahaf Ibrahim',0.8550665974617004,'211000053_Rahaf Ibrahim',0.7410702109336853,'211000053_Rahaf Ibrahim',0.9267467856407166,'211000053_Rahaf Ibrahim',104,'/media/temp/211000053_Rahaf Ibrahim_z9h5e2ig.jpg',NULL,'0'),(307,'[274, 757, 122, 156]',0.9998940229415894,'WhatsApp_Image_2023-10-11_at_11.21.58_AM_1.jpeg','211003768_Wesal Diyaa',0.20375967025756836,'211010731_Nouran Khaled',0.24393248558044434,'211002669_Ranah Elsayed',0.4924628436565399,'211002669_Ranah Elsayed',104,'/media/temp/211002669_Ranah Elsayed_mgj7749u.jpg',NULL,'0'),(308,'[1287, 1078, 753, 960]',0.9999991655349731,'WhatsApp_Image_2023-10-11_at_11.21.59_AM.jpeg','211010960_Saleh Mohamed',0.9946799874305725,'211010960_Saleh Mohamed',0.9998242259025574,'211010960_Saleh Mohamed',1,'211010960_Saleh Mohamed',104,'/media/temp/211010960_Saleh Mohamed_bt5rbayw.jpg',NULL,'0'),(309,'[1253, 1695, 80, 105]',0.9998395442962646,'WhatsApp_Image_2023-10-11_at_11.21.59_AM_1.jpeg','211010973_Zina Fayez',0.2240452915430069,'211003629_Sama Yasser',0.9860246777534485,'211003737_Manar Shahin',0.9666183590888977,'211003629_Sama Yasser',104,'/media/temp/211003629_Sama Yasser_65m1htxc.jpg',NULL,'0'),(310,'[2096, 1131, 61, 75]',0.9999889135360718,'WhatsApp_Image_2023-10-11_at_11.22.00_AM_2.jpeg','211003336_Sherihan Hassan',0.9969832301139832,'211003336_Sherihan Hassan',0.9991132616996765,'211003336_Sherihan Hassan',0.6426591873168945,'211003336_Sherihan Hassan',104,'/media/temp/211003336_Sherihan Hassan_h2cmb55f.jpg',NULL,'0'),(311,'[1407, 1336, 120, 135]',0.9999735355377197,'WhatsApp_Image_2023-10-11_at_11.22.00_AM.jpeg','211002967_Solan Amgad',0.9999585151672363,'211002967_Solan Amgad',0.9999350309371948,'211002967_Solan Amgad',1,'211002967_Solan Amgad',104,'/media/temp/211002967_Solan Amgad_j96_799i.jpg',NULL,'0'),(312,'[2542, 1766, 125, 160]',0.9975908994674683,'WhatsApp_Image_2023-10-11_at_11.21.59_AM_1.jpeg','211003768_Wesal Diyaa',0.615432858467102,'211003768_Wesal Diyaa',0.7702903151512146,'211003768_Wesal Diyaa',1,'211003768_Wesal Diyaa',104,'/media/temp/211003768_Wesal Diyaa_m0y8iso8.jpg',NULL,'0'),(313,'[164, 1448, 88, 111]',0.9985978007316589,'WhatsApp_Image_2023-10-11_at_11.21.59_AM_2.jpeg','211002432_Youssef Sherif',0.1464037001132965,'211002432_Youssef Sherif',0.8944004774093628,'211002785_Amal Arafa',0.6888747215270996,'211002432_Youssef Sherif',104,'/media/temp/211002432_Youssef Sherif_319roc6o.jpg',NULL,'0'),(314,'[168, 1082, 91, 107]',0.9999381303787231,'WhatsApp_Image_2023-10-11_at_11.22.00_AM.jpeg','211003211_Youssef Tantawy',0.9999701976776123,'211003211_Youssef Tantawy',0.9772952795028687,'211003211_Youssef Tantawy',0.9999998807907104,'211003211_Youssef Tantawy',104,'/media/temp/211003211_Youssef Tantawy_yrg68815.jpg',NULL,'0'),(315,'[2460, 1279, 93, 116]',0.9984922409057617,'WhatsApp_Image_2023-10-11_at_11.22.00_AM.jpeg','211010553_karim Mohsen',0.9990288019180298,'211010553_karim Mohsen',0.9999984502792358,'211010553_karim Mohsen',0.9998268485069275,'211010553_karim Mohsen',104,'/media/temp/211010553_karim Mohsen_33g6l27k.jpg',NULL,'0');
/*!40000 ALTER TABLE `medapp_medsessionperson` ENABLE KEYS */;
UNLOCK TABLES;

--
-- Table structure for table `medapp_person`
--

DROP TABLE IF EXISTS `medapp_person`;
/*!40101 SET @saved_cs_client     = @@character_set_client */;
/*!50503 SET character_set_client = utf8mb4 */;
CREATE TABLE `medapp_person` (
  `id` int NOT NULL AUTO_INCREMENT,
  `regno` varchar(15) NOT NULL,
  `fullname` varchar(450) NOT NULL,
  `year` varchar(1) NOT NULL,
  `modifytime` datetime(6) NOT NULL,
  `group` varchar(2) NOT NULL,
  `label` varchar(100) NOT NULL,
  `year_b` varchar(20) NOT NULL,
  `arname` varchar(450) NOT NULL,
  PRIMARY KEY (`id`),
  UNIQUE KEY `regno` (`regno`)
) ENGINE=InnoDB AUTO_INCREMENT=170 DEFAULT CHARSET=utf8mb4 COLLATE=utf8mb4_0900_ai_ci;
/*!40101 SET character_set_client = @saved_cs_client */;

--
-- Dumping data for table `medapp_person`
--

LOCK TABLES `medapp_person` WRITE;
/*!40000 ALTER TABLE `medapp_person` DISABLE KEYS */;
INSERT INTO `medapp_person` VALUES (1,'20100297','Ahmed Yasser','3','2023-10-18 10:27:15.114745','3','20100297_Ahmed Yasser','22-26','    '),(2,'211000007','Maryam Tamer','3','2023-10-18 10:27:15.203610','1','211000007_Maryam Tamer','22-26','   '),(3,'211000053','Rahaf Ibrahim','3','2023-10-18 10:27:15.241268','12','211000053_Rahaf Ibrahim','22-26','    '),(4,'211000072','Ahmed Agawany','3','2023-10-18 10:27:15.282948','10','211000072_Ahmed Agawany','22-26','     '),(5,'211000099','Hajer Barakat','3','2023-10-18 10:27:15.334247','10','211000099_Hajer Barakat','22-26','   '),(6,'211000104','Menna Elswefy','3','2023-10-18 10:27:15.501286','9','211000104_Menna Elswefy','22-26','     '),(7,'211000124','Retan Hazim','3','2023-10-18 10:27:15.551228','5','211000124_Retan Hazim','22-26','   '),(8,'211000137','Marwan Elkordy','3','2023-10-18 10:27:15.600431','9','211000137_Marwan Elkordy','22-26','   '),(9,'211000151','Bassant Gamal Eldin','3','2023-10-18 10:27:15.634114','7','211000151_Bassant Gamal Eldin','22-26','     '),(10,'211000157','Menna Shamsiya','3','2023-10-18 10:27:15.650826','15','211000157_Menna Shamsiya','22-26','     '),(11,'211000266','Aya Hisham','3','2023-10-18 10:27:15.667534','15','211000266_Aya Hisham','22-26','    '),(12,'211000278','Belal Hany','3','2023-10-18 10:27:15.701227','13','211000278_Belal Hany','22-26','      '),(13,'211000280','Rown Adil','3','2023-10-18 10:27:15.717043','14','211000280_Rown Adil','22-26','    '),(14,'211000370','Saif Zaky','3','2023-10-18 10:27:15.766875','2','211000370_Saif Zaky','22-26','   '),(15,'211000378','Reem Hafez','3','2023-10-18 10:27:15.817079','8','211000378_Reem Hafez','22-26','   '),(16,'211000406','Rana Badr','3','2023-10-18 10:27:15.834441','5','211000406_Rana Badr','22-26','    '),(17,'211000408','Mohamed Saleh','3','2023-10-18 10:27:15.884421','7','211000408_Mohamed Saleh','22-26','   '),(18,'211000422','Hana Elserafy','3','2023-10-19 09:36:16.447973','4','211000422_Hana Elserafy','22-26','    '),(19,'211000531','Haneen Mesbah','3','2023-10-18 10:27:15.951311','13','211000531_Haneen Mesbah','22-26','   '),(20,'211000535','Hanaa Islam','3','2023-10-18 10:27:15.999846','13','211000535_Hanaa Islam','22-26','   '),(21,'211000539','Logyn Attify','3','2023-10-18 10:27:16.028929','11','211000539_Logyn Attify','22-26','    '),(22,'211000547','Merna Khalid','3','2023-10-18 10:27:16.051009','1','211000547_Merna Khalid','22-26','    '),(23,'211000548','Hazim Mostafa','3','2023-10-18 10:27:16.270979','12','211000548_Hazim Mostafa','22-26','    '),(24,'211000551','Farah Alian','3','2023-10-18 10:27:16.333748','6','211000551_Farah Alian','22-26','    '),(25,'211000559','Alaa Harraz','3','2023-10-18 10:27:16.396290','14','211000559_Alaa Harraz','22-26','     '),(26,'211000593','Menna Refaat','3','2023-10-18 10:27:16.531674','11','211000593_Menna Refaat','22-26','    '),(27,'211000649','Nourhan Zanaty','3','2023-10-18 10:27:16.615813','11','211000649_Nourhan Zanaty','22-26','     '),(28,'211000712','Mazin Bahnasy','3','2023-10-18 10:27:16.757307','10','211000712_Mazin Bahnasy','22-26','    '),(29,'211000718','Fredy Emad','3','2023-10-18 10:27:16.882829','9','211000718_Fredy Emad','22-26','   '),(30,'211000720','Ponsieh Samer','3','2023-10-18 10:27:16.961325','15','211000720_Ponsieh Samer','22-26','     '),(31,'211000767','Mahmoud Attian','3','2023-10-18 10:27:16.992740','11','211000767_Mahmoud Attian','22-26','   '),(32,'211000768','Renad Ashraf','3','2023-10-18 10:27:17.024122','2','211000768_Renad Ashraf','22-26','    '),(33,'211000778','Abdel Rahman Wael','3','2023-10-18 10:27:17.040158','15','211000778_Abdel Rahman Wael','22-26','    '),(34,'211000784','Mohamed Ossama','3','2023-10-18 10:27:17.056007','13','211000784_Mohamed Ossama','22-26','    '),(35,'211000795','Omar Amin','3','2023-10-18 10:27:17.071420','2','211000795_Omar Amin','22-26','   '),(36,'211000798','Fliopater Gadallah','3','2023-10-18 10:27:17.102670','14','211000798_Fliopater Gadallah','22-26','    '),(37,'211000800','Karim Elsamadisy','3','2023-10-18 10:27:17.134310','12','211000800_Karim Elsamadisy','22-26','   '),(38,'211000809','Maryam Elsayed','3','2023-10-18 10:27:17.149944','11','211000809_Maryam Elsayed','22-26','    '),(39,'211000858','Nermine Essam','3','2023-10-18 10:27:17.181194','3','211000858_Nermine Essam','22-26','    '),(40,'211000864','Hazem Elsayed','3','2023-10-18 10:27:17.196820','4','211000864_Hazem Elsayed','22-26','   '),(41,'211000869','Walid Bahlol','3','2023-10-18 10:27:17.244080','9','211000869_Walid Bahlol','22-26','   '),(42,'211000898','Maryam Sabry','3','2023-10-18 10:27:17.275337','1','211000898_Maryam Sabry','22-26','     '),(43,'211000977','Mohamed Younis','3','2023-10-18 10:27:17.290963','3','211000977_Mohamed Younis','22-26','    '),(44,'211001167','Mostafa Ashraf','3','2023-10-18 10:27:17.333255','8','211001167_Mostafa Ashraf','22-26','   '),(45,'211001178','Mohamed Elgazar','3','2023-10-18 10:27:17.338262','7','211001178_Mohamed Elgazar','22-26','   '),(46,'211001436','Ahmed Hassan','3','2023-10-18 10:27:17.353895','6','211001436_Ahmed Hassan','22-26','   '),(47,'211001452','Heba Ehab','3','2023-10-18 10:27:17.400770','4','211001452_Heba Ehab','22-26','    '),(48,'211001492','Tya Yasser','3','2023-10-18 10:27:17.433525','4','211001492_Tya Yasser','22-26','    '),(49,'211001669','Mina Louise','3','2023-10-18 10:27:17.448031','14','211001669_Mina Louise','22-26','    '),(50,'211001676','Kerolous Youssef','3','2023-10-18 10:27:17.479289','15','211001676_Kerolous Youssef','22-26','   '),(51,'211001707','Karim Hashim','3','2023-10-18 10:27:17.510571','10','211001707_Karim Hashim','22-26','   '),(52,'211001708','Hana Hesham','3','2023-10-18 10:27:17.554765','1','211001708_Hana Hesham','22-26','    '),(53,'211001914','Arwah Ahmed','3','2023-10-18 10:27:17.571260','4','211001914_Arwah Ahmed','22-26','    '),(54,'211001921','Maya Abdo','3','2023-10-18 10:27:17.586935','13','211001921_Maya Abdo','22-26','   '),(55,'211001927','Hanin Zahran','3','2023-10-18 10:27:17.633696','16','211001927_Hanin Zahran','22-26','    '),(56,'211002119','Nada Ashoush','3','2023-10-18 10:27:17.649376','8','211002119_Nada Ashoush','22-26','     '),(57,'211002262','Yousef Imam','3','2023-10-18 10:27:17.680624','11','211002262_Yousef Imam','22-26','    '),(58,'211002299','Zayneb Soliman','3','2023-10-18 10:27:17.711875','3','211002299_Zayneb Soliman','22-26','    '),(59,'211002333','Jasmin Hassan','3','2023-10-18 10:27:17.774876','7','211002333_Jasmin Hassan','22-26','    '),(60,'211002432','Youssef Sherif','3','2023-10-18 10:27:17.821925','16','211002432_Youssef Sherif','22-26','    '),(61,'211002523','Moaz Abdel Raouf','3','2023-10-18 10:27:17.854030','4','211002523_Moaz Abdel Raouf','22-26','    '),(62,'211002588','Ahmed Abdel Moez','3','2023-10-18 10:27:17.869625','12','211002588_Ahmed Abdel Moez','22-26','     '),(63,'211002591','Aliaa Hablas','3','2023-10-18 10:27:17.900694','1','211002591_Aliaa Hablas','22-26','   '),(64,'211002656','Nabil Oraby','3','2023-10-18 10:27:17.933953','2','211002656_Nabil Oraby','22-26','   '),(65,'211002669','Ranah Elsayed','3','2023-10-18 10:27:17.947964','1','211002669_Ranah Elsayed','22-26','   '),(66,'211002693','Alaa Hassan','3','2023-10-18 10:27:17.979492','6','211002693_Alaa Hassan','22-26','    '),(67,'211002699','Karim Shaalan','3','2023-10-18 10:27:18.010488','8','211002699_Karim Shaalan','22-26','     '),(68,'211002717','Heba Hammam','3','2023-10-18 10:27:18.089347','9','211002717_Heba Hammam','22-26','    '),(69,'211002721','Bassmala El Hashimy','3','2023-10-18 10:27:18.199385','3','211002721_Bassmala El Hashimy','22-26','   '),(70,'211002785','Amal Arafa','3','2023-10-18 10:27:18.215009','7','211002785_Amal Arafa','22-26','   '),(71,'211002789','Lama Galal','3','2023-10-18 10:27:18.262435','12','211002789_Lama Galal','22-26','   '),(72,'211002967','Solan Amgad','3','2023-10-18 10:27:18.324941','5','211002967_Solan Amgad','22-26','   '),(73,'211002984','Abdallah Emad','3','2023-10-18 10:27:18.341230','13','211002984_Abdallah Emad','22-26','   '),(74,'211002997','Ahmed Attiah','3','2023-10-18 10:27:18.403967','16','211002997_Ahmed Attiah','22-26','     '),(75,'211003011','Menna Sabry','3','2023-10-18 10:27:18.419560','6','211003011_Menna Sabry','22-26','     '),(76,'211003023','Jannah Walid','3','2023-10-18 10:27:18.435733','13','211003023_Jannah Walid','22-26','    '),(77,'211003042','Mahmoud Ossama','3','2023-10-18 10:27:18.451372','16','211003042_Mahmoud Ossama','22-26','    '),(78,'211003094','Asser Mahmoud','3','2023-10-18 10:27:18.467263','11','211003094_Asser Mahmoud','22-26','   '),(79,'211003183','Donia Mohamed','3','2023-10-18 10:27:18.482888','3','211003183_Donia Mohamed','22-26','   '),(80,'211003211','Youssef Tantawy','3','2023-10-18 10:27:18.498438','4','211003211_Youssef Tantawy','22-26','   '),(81,'211003252','Sherif Ashraf','3','2023-10-18 10:27:18.514139','8','211003252_Sherif Ashraf','22-26','    '),(82,'211003335','Abdallah Saied','3','2023-10-18 10:27:18.534565','6','211003335_Abdallah Saied','22-26','   '),(83,'211003336','Sherihan Hassan','3','2023-10-18 10:27:18.577265','5','211003336_Sherihan Hassan','22-26','     '),(84,'211003418','Ehab Saber','3','2023-10-18 10:27:18.608514','8','211003418_Ehab Saber','22-26','   '),(85,'211003470','Safa Alaa','3','2023-10-18 10:27:18.624141','16','211003470_Safa Alaa','22-26','   '),(86,'211003497','Abdel Rahman Hegazy','3','2023-10-18 10:27:18.640430','12','211003497_Abdel Rahman Hegazy','22-26','     '),(87,'211003523','Ahmed Khamis','3','2023-10-18 10:27:18.656333','11','211003523_Ahmed Khamis','22-26','   '),(88,'211003548','Janna Younis','3','2023-10-18 10:27:18.671960','6','211003548_Janna Younis','22-26','   '),(89,'211003626','Abdallah Salman','3','2023-10-18 10:27:18.687542','3','211003626_Abdallah Salman','22-26','   '),(90,'211003629','Sama Yasser','3','2023-10-18 10:27:18.703129','1','211003629_Sama Yasser','22-26','   '),(91,'211003630','Yassmin Kandil','3','2023-10-18 10:27:18.718606','8','211003630_Yassmin Kandil','22-26','   '),(92,'211003660','Habiba Mohamed','3','2023-10-18 10:27:18.782268','16','211003660_Habiba Mohamed','22-26','      '),(93,'211003661','Jessica Mashally','3','2023-10-18 10:27:18.813517','7','211003661_Jessica Mashally','22-26','   '),(94,'211003707','Abdellatif Ahmed','3','2023-10-18 10:27:18.835167','4','211003707_Abdellatif Ahmed','22-26','    '),(95,'211003737','Manar Shahin','3','2023-10-18 10:27:18.845181','12','211003737_Manar Shahin','22-26','   '),(96,'211003745','Ahmed Medhat','3','2023-10-18 10:27:18.861079','10','211003745_Ahmed Medhat','22-26','     '),(97,'211003760','Sarah El Kerdawi','3','2023-10-18 10:27:18.876706','2','211003760_Sarah El Kerdawi','22-26','   '),(98,'211003768','Wesal Diyaa','3','2023-10-18 10:27:18.892112','13','211003768_Wesal Diyaa','22-26','   '),(99,'211003775','Ammar Yasser','3','2023-10-18 10:27:18.907958','7','211003775_Ammar Yasser','22-26','     '),(100,'211003889','Mahmoud Yehia','3','2023-10-18 10:27:18.923535','1','211003889_Mahmoud Yehia','22-26','   '),(101,'211007008','Youssef Ettman','3','2023-10-18 10:27:18.939784','2','211007008_Youssef Ettman','22-26','    '),(102,'211008086','Nour Mohsen','3','2023-10-18 10:27:18.955422','16','211008086_Nour Mohsen','22-26','    '),(103,'211008088','Rana Yasser','3','2023-10-18 10:27:18.986712','2','211008088_Rana Yasser','22-26','    '),(104,'211008096','Omar Ossama','3','2023-10-18 10:27:18.986712','15','211008096_Omar Ossama','22-26','   '),(105,'211008694','Sarah Harmoush','3','2023-10-18 10:27:19.018197','5','211008694_Sarah Harmoush','22-26','   '),(106,'211008759','Sief Atta','3','2023-10-18 10:27:19.033814','3','211008759_Sief Atta','22-26','      '),(107,'211008767','Merna Nasser','3','2023-10-18 10:27:19.066043','11','211008767_Merna Nasser','22-26','     '),(108,'211008839','Mostafa Serah','3','2023-10-18 10:27:19.097294','5','211008839_Mostafa Serah','22-26','   '),(109,'211008843','John Nabil','3','2023-10-18 10:27:19.112921','5','211008843_John Nabil','22-26','   '),(110,'211008964','Ahmed Elfeel','3','2023-10-18 10:27:19.128545','12','211008964_Ahmed Elfeel','22-26','     '),(111,'211009356','Mostafa Abdel Halim','3','2023-10-18 10:27:19.191982','6','211009356_Mostafa Abdel Halim','22-26','     '),(112,'211010040','Zainab Ibrahim','3','2023-10-18 10:27:19.239522','3','211010040_Zainab Ibrahim','22-26','     '),(113,'211010102','Fatma Elzahraa Emad','3','2023-10-18 10:27:19.255320','10','211010102_Fatma Elzahraa Emad','22-26','    '),(114,'211010129','Mennah Mostafa','3','2023-10-18 10:27:19.286445','4','211010129_Mennah Mostafa','22-26','    '),(115,'211010161','Salah Koriem','3','2023-10-18 10:27:19.333560','9','211010161_Salah Koriem','22-26','   '),(116,'211010329','Antony Mamdouh','3','2023-10-18 10:27:19.349854','9','211010329_Antony Mamdouh','22-26','    '),(117,'211010358','Arwah Saleh','3','2023-10-18 10:27:19.365758','1','211010358_Arwah Saleh','22-26','     '),(118,'211010553','karim Mohsen','3','2023-10-18 10:27:19.381391','7','211010553_karim Mohsen','22-26','    '),(119,'211010638','Mohamed Nazieh','3','2023-10-18 10:27:19.412639','7','211010638_Mohamed Nazieh','22-26','    '),(120,'211010703','Omnia Shaaban','3','2023-10-18 10:27:19.444233','10','211010703_Omnia Shaaban','22-26','   '),(121,'211010731','Nouran Khaled','3','2023-10-18 10:27:19.459906','8','211010731_Nouran Khaled','22-26','   '),(122,'211010750','Faris Rabie','3','2023-10-18 10:27:19.475768','12','211010750_Faris Rabie','22-26','  '),(123,'211010753','Yassin Kafrawy','3','2023-10-18 10:27:19.507020','14','211010753_Yassin Kafrawy','22-26','    '),(124,'211010755','Arsany Fawzy','3','2023-10-18 10:27:19.554228','6','211010755_Arsany Fawzy','22-26','   '),(125,'211010773','Ashrakat Hussien','3','2023-10-18 10:27:19.585442','9','211010773_Ashrakat Hussien','22-26','   '),(126,'211010811','Heba Elsayem','3','2023-10-18 10:27:19.616692','13','211010811_Heba Elsayem','22-26','   '),(127,'211010842','Eyad Gamal','3','2023-10-18 10:27:19.632318','10','211010842_Eyad Gamal','22-26','     '),(128,'211010869','Abd ElMasih Sabry','3','2023-10-18 10:27:19.652908','16','211010869_Abd ElMasih Sabry','22-26','   '),(129,'211010944','Kirollos William','3','2023-10-18 10:27:19.657040','10','211010944_Kirollos William','22-26','   '),(130,'211010960','Saleh Mohamed','3','2023-10-18 10:27:19.672669','4','211010960_Saleh Mohamed','22-26','   '),(131,'211010967','Abdel Rahman El Hasafy','3','2023-10-18 10:27:19.688295','12','211010967_Abdel Rahman El Hasafy','22-26','    '),(132,'211010968','Youssef Ali','3','2023-10-18 10:27:19.719550','11','211010968_Youssef Ali','22-26','    '),(133,'211010973','Zina Fayez','3','2023-10-18 10:27:19.737214','14','211010973_Zina Fayez','22-26','   '),(134,'211011032','Abdel Rahman Farid','3','2023-10-18 10:27:19.760555','8','211011032_Abdel Rahman Farid','22-26','   '),(135,'211011035','Abdelrahman Seddik','3','2023-10-18 10:27:19.802618','5','211011035_Abdelrahman Seddik','22-26','   '),(136,'211011044','Bassem Nader','3','2023-10-18 10:27:19.808399','6','211011044_Bassem Nader','22-26','   '),(137,'211011070','Jana Ossama','3','2023-10-18 10:27:19.835916','15','211011070_Jana Ossama','22-26','     '),(138,'211011097','Maryam Shaltout','3','2023-10-18 10:27:19.838996','5','211011097_Maryam Shaltout','22-26','    '),(139,'211011119','Khalid Essam','3','2023-10-18 10:27:19.870327','5','211011119_Khalid Essam','22-26','     '),(140,'211011145','Abdel Rahman Saniour','3','2023-10-18 10:27:19.873423','6','211011145_Abdel Rahman Saniour','22-26','    '),(141,'211011152','Abdelrahman Ashour','3','2023-10-18 10:27:19.902625','14','211011152_Abdelrahman Ashour','22-26','   '),(142,'211011153','Ahmed Gabr','3','2023-10-18 10:27:19.917632','15','211011153_Ahmed Gabr','22-26','    '),(143,'211011174','Baraa Hamdy','3','2023-10-18 10:27:19.935636','9','211011174_Baraa Hamdy','22-26','   '),(144,'211011177','Bassmalah Farag','3','2023-10-18 10:27:19.951149','8','211011177_Bassmalah Farag','22-26','    '),(145,'211011222','Omar El Dakkak','3','2023-10-18 10:27:19.955149','1','211011222_Omar El Dakkak','22-26','  '),(146,'211011225','Ahmed Sherief','3','2023-10-18 10:27:20.020667','14','211011225_Ahmed Sherief','22-26','   '),(147,'211011237','Reeman Elsayed','3','2023-10-18 10:27:20.035699','9','211011237_Reeman Elsayed','22-26','   '),(148,'211011260','Janah Shady','3','2023-10-18 10:27:20.038234','2','211011260_Janah Shady','22-26','   '),(149,'211011261','Lougin Shady','3','2023-10-18 10:27:20.068920','2','211011261_Lougin Shady','22-26','   '),(150,'211011273','Shahd Roushdy','3','2023-10-18 10:27:20.083950','14','211011273_Shahd Roushdy','22-26','  '),(151,'211011276','Abdallah Hisham','3','2023-10-18 10:27:20.102714','10','211011276_Abdallah Hisham','22-26','    '),(152,'211012090','Magda Mohamed','3','2023-10-18 10:27:20.117736','4','211012090_Magda Mohamed','22-26','  '),(153,'212000100','Adham Ahmed','3','2023-10-18 10:27:20.153532','13','212000100_Adham Ahmed','22-26','   '),(154,'212001003','Abdelrahamn Barbary','3','2023-10-18 10:27:20.169159','11','212001003_Abdelrahamn Barbary','22-26','  '),(155,'212001020','Hamza Badawy','3','2023-10-18 10:27:20.184784','14','212001020_Hamza Badawy','22-26','   '),(156,'212001034','Mohamed Sabry','3','2023-10-18 10:27:20.200409','15','212001034_Mohamed Sabry','22-26','   '),(157,'212001074','Ahmed Ibrahim','3','2023-10-18 10:27:20.216035','1','212001074_Ahmed Ibrahim','22-26','     '),(158,'212001084','Assem Mohamed','3','2023-10-18 10:27:20.237695','3','212001084_Assem Mohamed','22-26','   '),(159,'212001107','Islam Alaa Eldin','3','2023-10-18 10:27:20.279021','11','212001107_Islam Alaa Eldin','22-26','   '),(160,'212001112','Maryam Hammam','3','2023-10-18 10:27:20.311108','6','212001112_Maryam Hammam','22-26','    '),(161,'212001131','Ahmed El ashry','3','2023-10-18 10:27:20.321245','8','212001131_Ahmed El ashry','22-26','   '),(162,'212001215','Sara Alaa','3','2023-10-18 10:27:20.337929','9','212001215_Sara Alaa','22-26','    '),(163,'212001217','Ibrahim Elmahdy','3','2023-10-18 10:27:20.352968','10','212001217_Ibrahim Elmahdy','22-26','   '),(164,'212001270','Lina Sameh','3','2023-10-18 10:27:20.368631','13','212001270_Lina Sameh','22-26','   '),(165,'212001278','Hamza Tawfik','3','2023-10-18 10:27:20.384257','12','212001278_Hamza Tawfik','22-26','   '),(166,'212001377','Mohamed Hatem','3','2023-10-18 10:27:20.447206','15','212001377_Mohamed Hatem','22-26','  '),(167,'212001409','Enjy Emad','3','2023-10-18 10:27:20.462868','2','212001409_Enjy Emad','22-26','   '),(168,'221003615','Abdallah ElShalkany','3','2023-10-18 10:27:20.509744','16','221003615_Abdallah ElShalkany','22-26','    '),(169,'231001961','Amr Hablas','3','2023-10-18 10:27:20.525371','16','231001961_Amr Hablas','22-26','    ');
/*!40000 ALTER TABLE `medapp_person` ENABLE KEYS */;
UNLOCK TABLES;
/*!40103 SET TIME_ZONE=@OLD_TIME_ZONE */;

/*!40101 SET SQL_MODE=@OLD_SQL_MODE */;
/*!40014 SET FOREIGN_KEY_CHECKS=@OLD_FOREIGN_KEY_CHECKS */;
/*!40014 SET UNIQUE_CHECKS=@OLD_UNIQUE_CHECKS */;
/*!40101 SET CHARACTER_SET_CLIENT=@OLD_CHARACTER_SET_CLIENT */;
/*!40101 SET CHARACTER_SET_RESULTS=@OLD_CHARACTER_SET_RESULTS */;
/*!40101 SET COLLATION_CONNECTION=@OLD_COLLATION_CONNECTION */;
/*!40111 SET SQL_NOTES=@OLD_SQL_NOTES */;

-- Dump completed on 2023-10-25 21:16:57
